,price
0,627070.0045455508
1,686968.7824144587
2,595009.9547236711
3,1996425.8932790756
4,442129.8117827475
5,601594.5719769709
6,346874.7529685274
7,334546.0006117821
8,518377.95462016016
9,253227.04464916885
10,422481.3938954063
11,474173.69637772813
12,389074.39833606407
13,462594.8146166019
14,317241.5186043307
15,691964.7941454016
16,1134183.846622482
17,457145.6437953189
18,1894976.2942897081
19,286809.8320861943
20,639995.5671691708
21,646729.1411593482
22,1224887.1906370148
23,168033.83416569978
24,320337.52816477045
25,114417.4511070028
26,548564.0478344336
27,337264.0083271973
28,721622.3660170734
29,77165.95066306368
30,586030.5398566984
31,402480.06563365087
32,399795.11315384135
33,1314061.9693148024
34,2098514.4731247053
35,587540.596764952
36,61777.260827261955
37,537009.297867801
38,2473392.7399108596
39,380421.19365734234
40,318126.09276445955
41,636899.5576087311
42,382088.0354889035
43,440059.23566617444
44,225519.16571462154
45,298389.0318166651
46,2135496.900331959
47,325479.1154704988
48,1951699.6123077422
49,436935.1742878817
50,352378.8917054795
51,897313.7968211621
52,566219.9658558667
53,303450.88347354904
54,619782.760846708
55,530153.848126825
56,404145.0246689692
57,713615.439310208
58,1488839.7966648526
59,343165.9935055636
60,549890.9090746194
61,476725.8464381173
62,371507.80791818723
63,1140568.5335147604
64,639287.8997738771
65,1217305.284193758
66,891161.1303435415
67,390802.581785921
68,456537.4990602322
69,551761.7217532769
70,603352.3598771915
71,525821.0521986522
72,1209135.3070976846
73,77503.44334210083
74,378860.8306242302
75,668302.4353620484
76,934932.3630319163
77,551980.4487633519
78,401171.8784035593
79,372301.65490469337
80,444018.4392846301
81,2054175.1933484264
82,451869.35292508453
83,646475.3501833007
84,663237.4664628617
85,323961.94681145623
86,898278.7791522592
87,527082.2768506818
88,102842.85654396936
89,413453.8855162263
90,282552.81894059107
91,499384.05994129926
92,556721.2861770801
93,704138.5167669244
94,538661.2027022876
95,555182.4449124709
96,381244.70113047585
97,397461.93518067896
98,335895.8865793757
99,799592.8018911555
100,353527.6037656255
101,695266.6490509622
102,186523.04799683765
103,423562.97980107367
104,-54722.53860302642
105,350908.2871167697
106,764928.5519912429
107,396543.4064151235
108,430418.1115727015
109,263645.0462679155
110,642563.5504558757
111,1058005.4147750922
112,536352.448131606
113,215813.8483245261
114,460352.2251257673
115,482024.292048838
116,631567.8819351159
117,895434.0767308995
118,605176.7940824516
119,283934.9660657868
120,594158.9938429892
121,613880.842434112
122,745080.9192734323
123,466433.67247663066
124,754921.8068048283
125,776789.6136756986
126,78680.8892356269
127,376317.679913871
128,392001.53324305266
129,254799.30466666445
130,259617.71730327234
131,171950.21280375496
132,235393.95902891085
133,534597.3388283029
134,374745.54333916306
135,1795596.7228094637
136,616631.3115026839
137,491035.8913051151
138,339552.56638366356
139,492504.1604364924
140,365490.5656498298
141,587995.0687154457
142,251482.1515661925
143,523032.1135191135
144,408936.35206848755
145,559787.0824910253
146,253417.157541465
147,960176.5442404896
148,463240.5892543122
149,328283.1650395617
150,232400.7098447159
151,402338.26386420056
152,734521.3152369373
153,696892.2359679155
154,382300.7176057957
155,1926046.9616641104
156,601600.0015948117
157,518656.19536004215
158,240922.54752969742
159,564886.4992073625
160,342584.3826474808
161,1927625.8025655039
162,419427.5808761753
163,568245.8228972219
164,363469.4376683757
165,532675.0819135085
166,556396.4926279485
167,477223.41940319166
168,523757.4755037837
169,839982.334068045
170,-62326.918095588684
171,469916.6832321249
172,596386.338366203
173,492307.4666602947
174,769751.5392825454
175,554964.9189703241
176,409102.2097235136
177,554357.7312920466
178,500074.7800214179
179,148821.64498212934
180,2091216.7363036685
181,351810.12373249605
182,742709.3897007592
183,693056.9014810696
184,1568143.6203070506
185,452943.91653472185
186,675713.923626475
187,181956.95799017698
188,458140.7897254564
189,221005.58284356818
190,500798.854502514
191,905292.072269503
192,283125.522387065
193,320960.5998981297
194,192494.72525552288
195,535390.2034823708
196,461568.5145959407
197,678878.6422805488
198,735204.9033101723
199,439547.3496474214
200,341708.7158989683
201,456383.0018252358
202,224272.5887307264
203,1941471.7235812955
204,664510.7335662805
205,435117.7297677137
206,225110.78441745415
207,258114.4222072065
208,722863.876126539
209,330671.259601336
210,47249.70598992705
211,578574.0708067268
212,1890141.9725301974
213,182727.89071856067
214,390152.6492739618
215,693941.475641191
216,346003.1460496485
217,803752.7413748726
218,1195089.4118555002
219,138800.06190117076
220,443213.589293804
221,806211.3043718971
222,610908.0482549854
223,945964.0147883222
224,442771.31369328126
225,292006.70527692884
226,640527.4993298575
227,476163.98823801056
228,416440.9009878412
229,604967.010962449
230,846629.7660912536
231,1171029.3934651539
232,676274.4307229817
233,243023.41115999222
234,352723.72231114283
235,476229.767245207
236,1168653.7053868696
237,546054.3462379351
238,81281.36139091477
239,651291.92650567
240,387884.2467246093
241,477938.63018701226
242,560441.6056995019
243,222622.91959210113
244,240947.5947235152
245,735964.1807760857
246,82939.93794114888
247,662563.5427205786
248,499107.6190367229
249,585539.465505328
250,446941.9194742963
251,505337.0666422136
252,354811.47064583004
253,763905.2661053538
254,485286.15926430374
255,549946.1949596293
256,379809.6900193952
257,738822.2903259881
258,613451.1989653446
259,425886.48031690344
260,414354.3687992543
261,891548.1315385997
262,563718.9612104818
263,598593.168599084
264,228584.88776133582
265,579865.7492620274
266,571814.9556588978
267,470635.3997372277
268,1950300.9467179365
269,342920.40020170435
270,702052.5916144401
271,1192363.0755189992
272,303685.1423092
273,416399.94654454663
274,1785037.1187729686
275,477048.56239813194
276,489472.72671424225
277,407936.477078449
278,622677.9698661007
279,999937.3595705777
280,816305.654270079
281,750195.1078673117
282,663965.2020253837
283,271034.33558189124
284,431105.99195662886
285,869836.7119722702
286,-3281.592907227576
287,460328.0933312848
288,383504.84496488795
289,419882.95730003715
290,113679.2079748474
291,141113.80426500365
292,725802.9354435652
293,-24415.960790872574
294,245139.81714250892
295,405287.48365797475
296,765907.788798485
297,528771.701001633
298,721176.9200524874
299,476882.70474311337
300,426896.4533022642
301,335466.79276856035
302,559851.0144196637
303,1117643.0809783414
304,869997.5228940174
305,592271.0510811396
306,856457.5278003775
307,563449.0661971606
308,213967.48540970683
309,80706.58561715856
310,994150.2175910473
311,990333.8036950938
312,-14789.964400470257
313,47083.84833490476
314,47083.84833490476
315,189508.48578725755
316,607978.50533792
317,619882.8394945338
318,1001069.599260658
319,208891.32854728028
320,188093.6912260428
321,398953.77128749713
322,564630.4036005661
323,173783.64635904878
324,191300.27255649865
325,179705.13958427683
326,472152.2830378674
327,366808.49621298537
328,486281.30519444123
329,578851.9910040498
330,-21125.323400270194
331,544583.782083217
332,611948.9615134336
333,-4332.024722378701
334,486152.0471432544
335,454989.49428001046
336,487337.5004922487
337,655940.5969396681
338,222291.20428205654
339,923574.5921998806
340,812646.0342356637
341,234589.12051763013
342,447415.328033939
343,336766.35520959273
344,171900.30879422277
345,272742.1446556933
346,504138.6460519694
347,539119.1608481295
348,655564.1640341468
349,278910.5314139761
350,762219.5436258614
351,458361.9332654886
352,451506.4835245162
353,521951.1941466816
354,495790.4774157889
355,275310.3680045642
356,399577.12837925926
357,1178319.6854225546
358,947236.9509832337
359,877226.5426950417
360,552378.7738999724
361,410957.48004995286
362,1098274.7737719044
363,614077.8215687126
364,401926.86151660234
365,773418.4464879632
366,742451.3611984886
367,1645077.122474119
368,574000.9874669798
369,232370.0253913477
370,676313.9243673272
371,223439.91634220257
372,155012.040428482
373,513186.46330489963
374,222125.34662703425
375,757907.244595252
376,737628.6852174066
377,465825.52774154395
378,406487.8398863934
379,468810.9655319676
380,477035.00954570994
381,586656.0226048306
382,779855.7409433573
383,244473.00628127903
384,387054.9584494941
385,562459.4063241072
386,463899.44096376747
387,858370.0526619218
388,802197.0019691847
389,1576567.4043859057
390,620109.7465172261
391,791205.8624765277
392,596187.1235357374
393,593400.9005757868
394,176207.2259493582
395,518377.95462016016
396,1066604.6428114362
397,311047.41587893665
398,762999.3094986305
399,489863.55325173587
400,928108.034770526
401,164207.1192409359
402,689076.317760501
403,662417.197245162
404,329883.29998995736
405,274204.6503044106
406,531557.3753541298
407,446776.06181927025
408,351138.47044081986
409,953528.2179325633
410,373217.0651859939
411,421707.3915052973
412,627589.5062201843
413,974991.4515748322
414,282997.7190133445
415,698156.3181974031
416,123740.92107693106
417,936708.1830679141
418,261279.91532365605
419,522814.43578527495
420,566894.5118932016
421,724459.2841655128
422,582080.2543240599
423,1899067.449780289
424,186872.79658843204
425,91588.98576620594
426,788817.5098842792
427,302037.614868775
428,459814.29327396303
429,679870.8644242212
430,411381.09311991185
431,1157287.5403075889
432,493444.0090020895
433,458039.1371529363
434,466789.55219210684
435,397692.8205143362
436,456844.764606446
437,967416.2990110926
438,410318.49919368327
439,387208.9992604144
440,380622.1675507091
441,732544.1386722736
442,279130.4759455845
443,457504.6485653892
444,560594.5339949988
445,390305.0088208504
446,795963.4456602484
447,598689.8676682524
448,312053.64476362616
449,250136.616315905
450,324388.324768614
451,1615787.879923705
452,693831.7847861387
453,748301.1109683774
454,836349.980764091
455,278129.94813996553
456,374471.4089374691
457,445191.2597138956
458,536124.7237076722
459,183151.4106892012
460,827255.2565746792
461,56969.18235196173
462,767179.3641536646
463,400096.04299618304
464,450069.0505143143
465,462606.3134913631
466,1005483.8240176514
467,699051.941467341
468,466733.1266290769
469,659652.1144727059
470,332301.2080360241
471,481115.26812488213
472,601737.7452704012
473,655597.5212095901
474,923650.0355380289
475,447012.4177159816
476,459909.9380457066
477,1481574.4650257193
478,423022.9182772711
479,458748.9344605468
480,533858.0024223514
481,595338.7462472543
482,192747.85012499616
483,607067.8745927438
484,910692.9809930585
485,401362.1858224161
486,527230.2771053128
487,321181.71931931376
488,575875.2750283033
489,673591.223225031
490,342476.8528661728
491,565850.0519735999
492,252320.08588493988
493,474671.269342795
494,1635544.0857117958
495,541580.6883104071
496,533692.1447673254
497,529117.0266761668
498,544220.6273242421
499,492418.0384303108
500,287583.8344763033
501,587485.3108799458
502,474781.55575440824
503,534444.2302337587
504,846076.9072411731
505,403288.28438607603
506,640254.2761311531
507,585942.7386286706
508,217873.715356905
509,436958.6360414922
510,222346.49016706645
511,287387.1407001056
512,351644.2660774775
513,387642.3789288625
514,596955.712322846
515,396497.02794172615
516,451064.79387443885
517,149044.5183974728
518,534190.0357017405
519,817911.9314817078
520,341830.648089014
521,233569.52482365444
522,582951.8683093041
523,618113.6911742836
524,506552.5387111455
525,433206.8555869274
526,522404.9168141186
527,840938.9841510467
528,395225.45258654654
529,-23936.585190594196
530,317604.07003555447
531,428231.12593622133
532,956554.8619573265
533,457753.7885304019
534,446520.54128685594
535,469178.9725328423
536,340824.1417388469
537,768517.5293493159
538,807991.9641016498
539,608770.376607962
540,418182.7052292861
541,511561.85752244294
542,753134.7710587457
543,449903.79028927535
544,462729.5181811042
545,989881.8805038817
546,285040.6837659441
547,672085.0731948167
548,692393.470860973
549,215346.56287318096
550,123298.63399686664
551,196276.0022072047
552,291367.7244206667
553,221652.2234257944
554,1153528.1001270562
555,193677.56561183557
556,436524.0086873956
557,69819.84518125653
558,444911.52996683493
559,415590.5028658211
560,439288.302937787
561,561224.5155012235
562,476933.3854606785
563,382595.8210409321
564,488734.50766900554
565,749982.8851708509
566,779938.316288393
567,564904.2200329192
568,451672.34117954224
569,2036887.5013788417
570,736962.5402209163
571,460518.0827807933
572,355419.6153809093
573,733249.7398817576
574,640441.846960824
575,503585.7872018926
576,755640.5233099312
577,174366.8826211989
578,1043289.7679529451
579,441475.2885742672
580,504998.77044826746
581,487362.5731307678
582,603020.6445671432
583,342206.2888640389
584,883408.8997284509
585,608355.3789879233
586,315052.19751051813
587,212632.96444355324
588,320525.5001262985
589,353782.41893278435
590,455003.21465615556
591,475887.55881296843
592,346896.86727503315
593,632117.8101191297
594,216234.20669502765
595,456039.9260951616
596,42384.548109237105
597,132108.93430950865
598,784039.5993240252
599,377709.9715973623
600,500876.7788365111
601,621439.7634722479
602,206946.17801371217
603,225653.4306805767
604,402977.6385987215
605,1331293.100006152
606,227180.81192657724
607,1102123.5510113388
608,311104.78536846116
609,1110551.1699379608
610,534245.3215867504
611,283326.82133070007
612,1616420.0147629865
613,711632.9588436969
614,849270.3627493605
615,741261.1464746185
616,262152.3273727
617,226329.60672778264
618,524286.87260024995
619,1747273.029449638
620,613690.8203736581
621,890132.0642990917
622,479094.1401434243
623,600019.4030565247
624,329103.5341171846
625,407198.0398694128
626,664167.4308157936
627,624090.330237791
628,342869.7194841318
629,802850.0639391765
630,277577.089289885
631,663727.3860019371
632,195114.99862203747
633,460739.2263208255
634,320919.18757610023
635,1073899.6097015962
636,482466.5791289024
637,130286.03560996428
638,312120.5548328236
639,363323.4613771066
640,505351.1056591645
641,373683.8020298891
642,582546.3892459646
643,131047.57709546015
644,177202.37187950313
645,822503.7118049264
646,543963.9849105701
647,339660.8603031896
648,866214.9894910157
649,491167.0866093524
650,625643.0646575391
651,1164882.9210083857
652,388742.68302601576
653,135988.640762005
654,733526.1693067998
655,571600.9238696545
656,215791.91961496696
657,485673.1604593545
658,441002.16537303105
659,1000539.248457469
660,1051226.4856302366
661,532475.855297152
662,970794.6886350922
663,598901.4863516167
664,586412.2406158075
665,460362.00562727824
666,819141.3667349406
667,259744.79562617838
668,597768.4854914024
669,246838.13722553477
670,949019.0594783649
671,246443.32463670895
672,840701.0505731478
673,564948.5143931471
674,227147.4547511302
675,490317.17480001226
676,501484.9235715978
677,621596.7019297741
678,312194.97250228375
679,514412.29789786786
680,842317.4565339908
681,443053.5066009797
682,688639.7941631041
683,413303.9369841069
684,367471.9383126162
685,436176.3842544444
686,558515.8251051866
687,402492.067928005
688,458564.00891716406
689,530927.850516934
690,1215599.6623288468
691,117933.86759118363
692,804280.7781752571
693,361003.48976670206
694,730512.5915606245
695,893432.4609290548
696,417204.7850558348
697,602944.8617845736
698,311842.04646972194
699,816676.1403585747
700,335052.4927743487
701,464485.1136489324
702,614464.8227637671
703,643324.0547378547
704,477822.56478824466
705,1593143.3943028264
706,298309.2961678244
707,739331.187232621
708,274915.5554157384
709,1019981.8517119735
710,-118110.37606849149
711,813707.4926060177
712,1334965.9450659119
713,257643.33456589282
714,887028.3443592191
715,599413.0195917003
716,295972.96798287705
717,1150210.9470265917
718,281374.4773423821
719,545461.9305605218
720,732309.8798366264
721,857814.332433153
722,472670.1380831748
723,346136.96857507154
724,328258.33671916276
725,571602.3527597934
726,223684.24831866473
727,483627.5827140659
728,282455.85753506795
729,253306.5857714489
730,422954.51709664613
731,295127.1646011993
732,622481.276089903
733,516573.36501129344
734,736456.3212122135
735,900441.7867024802
736,451727.62706454843
737,152745.31914315745
738,352899.4893979542
739,394221.58484173566
740,569364.6558929943
741,1958057.4890836403
742,147447.23127707466
743,483185.2956340052
744,690570.8479705602
745,172863.58752513304
746,424768.7387149483
747,1149781.1307016946
748,186339.445785217
749,187350.52495710924
750,555210.7122882679
751,758200.464058157
752,327555.5293369666
753,563300.9293676913
754,421406.8302857727
755,775986.7153104767
756,238213.53916431218
757,276084.3703946769
758,625134.9985702746
759,82890.03393162042
760,1095931.531890463
761,371397.2361481711
762,-61025.129493914545
763,553995.1798608191
764,602094.2826301455
765,593124.4711507447
766,861011.1278241575
767,781858.9929785244
768,443778.8178763166
769,-45300.90107310563
770,357124.7560014799
771,483959.2980241142
772,654025.9475805014
773,340635.6456348337
774,417887.93637985736
775,391371.9557425603
776,298717.6774649881
777,407277.77551825345
778,562608.4739412665
779,872158.7191426046
780,1980005.9854317494
781,1029656.8710616939
782,840488.5530767478
783,1088788.3287828863
784,1701666.0041811652
785,1064877.6545539312
786,1190933.9170450233
787,665054.1037113555
788,402421.6169875972
789,2057972.0434676707
790,664664.4063508734
791,316253.07700087875
792,614796.5380738154
793,619106.5592539348
794,31413.493113856763
795,364166.6020562537
796,458583.0768055171
797,730411.6818780787
798,606185.0553082116
799,382146.86224512383
800,341235.59269773215
801,543231.5302351713
802,195866.36256316304
803,496288.0503808595
804,228717.97730745748
805,446973.0409538783
806,190512.71731396392
807,983320.7464675158
808,882828.8949491158
809,442976.6535131112
810,395438.7847328074
811,1252581.431827698
812,362662.06631693617
813,704360.2692164816
814,1870926.9343113042
815,556587.082044471
816,239816.8298295401
817,481858.4343938157
818,331370.2554025017
819,625633.1689653359
820,356722.3448266089
821,991164.7798006237
822,571835.1131120399
823,143932.08594889194
824,738170.1836474575
825,393172.0634474866
826,472625.69159751013
827,540019.7828520425
828,399964.10545546934
829,859064.6104393788
830,572898.7564353757
831,797215.5088358186
832,662784.6862606071
833,223742.24765675142
834,507028.5444733538
835,409881.97559628263
836,469974.80881332606
837,628507.4375557564
838,544276.795997642
839,280988.8809186183
840,656054.7352879271
841,402854.9047176279
842,332750.3669677749
843,708015.2034562193
844,496011.6209558211
845,847742.5154222772
846,389309.8628907092
847,917861.8076500744
848,875420.5863580629
849,308085.9904025942
850,1722453.496944107
851,282442.24717057496
852,660628.5367453024
853,499515.25524553284
854,495170.04502795264
855,415064.36348968744
856,1195936.0381436609
857,516653.25278557464
858,591664.3996915556
859,535019.3239768595
860,374603.81747862697
861,351097.1037633419
862,872399.7072790265
863,424407.4924590662
864,622094.2748948447
865,359784.9224460386
866,384334.13324000686
867,272418.1639711149
868,686690.1172935553
869,516376.32829166204
870,280443.23349561915
871,705568.3015307002
872,300963.018648196
873,1749985.8676780052
874,302480.1873072423
875,232377.6851173155
876,-117809.49687961861
877,437118.6005700566
878,481197.8434699178
879,440891.59360301495
880,304525.7650525309
881,432432.85319681466
882,193290.56441678107
883,309101.8605884537
884,1804497.7502957247
885,447194.1844939068
886,329791.41450110823
887,913418.7793963067
888,368854.08543781564
889,378031.5423491113
890,862160.6199998185
891,350333.31396019086
892,514224.84152882174
893,562974.5959331207
894,270092.9979162626
895,873098.8971570767
896,250895.38693321496
897,123586.88026601076
898,766255.4132314324
899,2123796.9126111455
900,319107.68584217504
901,267128.057023406
902,1838719.7131155692
903,655155.2341295294
904,393290.44661127403
905,632705.3349533677
906,850597.22398955
907,362689.3557769619
908,650400.6480188556
909,2038233.5992332138
910,951946.395767197
911,367524.1545359045
912,1221091.115822222
913,293437.4665713869
914,558137.4845848829
915,561144.7798523866
916,642302.4234839566
917,397752.69417400286
918,1658460.1365089975
919,1040167.7946214974
920,691221.1433342434
921,430000.2742564678
922,256691.1868680045
923,442329.0266132206
924,341045.2852788754
925,317151.5703685358
926,507044.34819355235
927,356304.1895410381
928,474505.41168777645
929,398739.6174325608
930,211335.69163889438
931,1631342.3584512025
932,537941.346519161
933,405453.3413129933
934,374118.4066246338
935,531714.9682026617
936,1328950.0476095155
937,378797.8850132562
938,572712.6556412913
939,264361.72721309215
940,237494.8226592131
941,432972.6227030903
942,359721.7018245645
943,404015.90830279514
944,553511.7810601592
945,533084.0000322387
946,354424.4694507718
947,475340.4634455517
948,685550.1832310818
949,385605.7085951865
950,956248.5502395108
951,579936.1918276921
952,267263.0785572566
953,459578.222735662
954,376981.1105339639
955,459467.6509656459
956,493523.7561304681
957,346541.61262205243
958,1411058.8492380679
959,488421.9241434112
960,389598.10915985703
961,370346.8043330237
962,2149598.6308719367
963,521154.41098162904
964,273083.02348134667
965,240172.99490341917
966,1159854.975134395
967,691149.1849658191
968,1615751.7388789952
969,631468.4255823456
970,397084.6757792495
971,705385.6538378149
972,259277.46135229617
973,428120.5541662052
974,341374.9650289975
975,647932.2953731157
976,1564743.2394466698
977,659091.8923851103
978,374986.0896137841
979,751136.9630320668
980,-67634.36305634305
981,599471.0239850804
982,765746.633879248
983,501350.22000709176
984,351494.31754535437
985,1085626.4793652073
986,453681.17763598263
987,393739.31457524
988,407916.7563745156
989,548232.3325243853
990,427457.1235461086
991,945191.3732379451
992,560370.7774622776
993,377139.15679521486
994,347151.1823935695
995,543280.7672791108
996,604347.5058073327
997,1087964.516038213
998,600406.677405443
999,433749.50185004994
1000,329183.2697660215
1001,874051.554528486
1002,773462.7357355915
1003,501982.4965366684
1004,616842.1158191003
1005,433251.92888497934
1006,-5346.238540876657
1007,460352.2251257673
1008,475666.41527293995
1009,418429.61516693234
1010,701038.226375334
1011,1018433.8469317518
1012,951204.9017840736
1013,299470.2997529879
1014,749061.5029940009
1015,437973.79995049164
1016,1984570.2641235702
1017,506342.42172631994
1018,158998.9946973063
1019,504603.04743853956
1020,458361.9332654886
1021,691699.1926401667
1022,1762535.7635747828
1023,1285650.935638927
1024,504249.2178219892
1025,1092690.8993861116
1026,730964.5407281555
1027,371333.04285155237
1028,499458.8474792652
1029,880900.1774329767
1030,250108.5209630765
1031,-7551.238972555846
1032,678848.4290340543
1033,192316.04202085733
1034,822440.7993976586
1035,283326.82133070007
1036,295017.190261174
1037,771800.791770082
1038,991858.6108230762
1039,614111.1267131381
1040,386600.8545253277
1041,791465.7767950036
1042,697564.9404594749
1043,658263.9185064472
1044,664408.5853471495
1045,390406.67317925394
1046,143377.55481300503
1047,595031.4807010368
1048,151228.90283723176
1049,444460.7263646908
1050,411623.5236627273
1051,330133.27436945215
1052,610428.9531581961
1053,458140.5043670535
1054,338925.94378029555
1055,337807.5824688412
1056,936389.5935801379
1057,546108.8304451033
1058,433471.9505437501
1059,1735224.536380913
1060,809252.0280473232
1061,557449.2716004923
1062,279235.66584012285
1063,327500.24345195666
1064,360701.9877031483
1065,715401.0450678617
1066,287749.6921313256
1067,866187.8435617574
1068,312441.7911669463
1069,29734.225000742823
1070,386723.7845482342
1071,169558.59873380512
1072,898878.5916392505
1073,688744.6024504565
1074,259553.89077733457
1075,551526.8471758701
1076,969649.8487179093
1077,742040.1955980062
1078,459854.6521607004
1079,646751.7796083391
1080,210948.69044383615
1081,812430.4876329973
1082,237945.6262613535
1083,558118.2933538295
1084,412406.2734801769
1085,898087.7992112748
1086,431461.87167210504
1087,594530.7826813683
1088,1014128.5795320161
1089,-223394.64033316076
1090,101659.2145098187
1091,498223.05635613203
1092,1253892.4356697313
1093,482411.2932438925
1094,698419.950296171
1095,550602.9538639784
1096,615203.0514484793
1097,579137.1422437616
1098,432488.13908182457
1099,305807.48496600613
1100,616842.1158191003
1101,190327.05533591658
1102,765923.6979213879
1103,932910.3700435236
1104,597228.7419369444
1105,1003230.2285546027
1106,254708.57749304175
1107,341764.0017839782
1108,615006.3576722816
1109,746649.0815067925
1110,687860.0282903314
1111,619661.6959545054
1112,729246.5177122094
1113,144962.88952616602
1114,631841.9781240746
1115,446917.7550688684
1116,323077.3726513311
1117,892353.1693779118
1118,590913.0357504338
1119,1156449.6247230507
1120,848321.9502496719
1121,300555.3258902654
1122,1213626.6221492477
1123,488026.0037508607
1124,1164611.6334711611
1125,858364.5373506695
1126,644650.6306196377
1127,408580.50496395305
1128,537820.1082746312
1129,150478.79252315685
1130,636579.1767668985
1131,321222.10232489556
1132,263092.187417835
1133,302974.6906105913
1134,101348.05404424295
1135,437938.80324861035
1136,589033.3156601638
1137,2510099.823601503
1138,372362.14338712394
1139,435628.4828715734
1140,579247.7140137777
1141,1029159.3086232729
1142,889905.4882301167
1143,279456.80938015133
1144,591852.8957955651
1145,594478.6218509562
1146,312247.1026724577
1147,908395.1382281594
1148,583394.1553893648
1149,500655.62381694093
1150,375322.5339837298
1151,341684.2661351375
1152,389522.0990191251
1153,399294.771305982
1154,453463.6038062945
1155,649516.0738587305
1156,487614.87076131627
1157,861603.931286756
1158,565660.5015974678
1159,296270.29930643365
1160,439167.5185808167
1161,969406.590871375
1162,559174.6454452462
1163,483243.42121520266
1164,770928.2281333394
1165,2134995.900291268
1166,128849.15120721236
1167,608991.5201479904
1168,370040.13621679693
1169,348435.72498999164
1170,728214.1191786081
1171,781169.9692638218
1172,383215.3261960447
1173,426959.5505810417
1174,144520.60244610533
1175,551927.5794082955
1176,275955.12461456284
1177,488879.74178981036
1178,86840.16313819587
1179,406382.9887711741
1180,258392.88719217107
1181,762004.163568493
1182,345468.1560795009
1183,517057.6742638722
1184,431161.27784163505
1185,129081.73499900848
1186,353011.48620439693
1187,1204046.2732019462
1188,310164.639964927
1189,472006.7074630782
1190,540301.3783297539
1191,573597.2298014164
1192,1282880.1153601296
1193,634754.7425616384
1194,565410.439041622
1195,324536.1857636422
1196,321045.4052705318
1197,460075.7957007326
1198,486898.36912702397
1199,588403.3341539353
1200,399387.90869554505
1201,504586.69661469385
1202,823140.2965937965
1203,438403.7287776619
1204,449516.1916642375
1205,687958.30853533
1206,492196.8948902786
1207,403317.03639408574
1208,287970.8356713578
1209,403794.7647627592
1210,241831.57145365328
1211,549669.7655345909
1212,705697.0261488743
1213,621537.1237340756
1214,235874.306237299
1215,392491.92279530317
1216,321554.4901570715
1217,690433.0612934679
1218,-13995.237754639238
1219,656229.8303501084
1220,378805.544739224
1221,988272.0378339291
1222,906027.2608431242
1223,353208.1799805984
1224,540542.8654483967
1225,455652.92490010336
1226,743588.2003782243
1227,520085.1453396566
1228,557299.5356350131
1229,956953.2242946699
1230,738028.4903978631
1231,460099.9601061605
1232,394079.37599965185
1233,695586.6035381071
1234,289045.7172503397
1235,604900.3646574095
1236,502068.6185428463
1237,312667.71714695543
1238,91288.10657733306
1239,748729.7876839489
1240,516215.1333891079
1241,506432.3735954836
1242,691442.2868742757
1243,736401.0353272073
1244,530394.8362632543
1245,992300.4408933669
1246,615846.9698889628
1247,250332.96482513472
1248,338735.44021962583
1249,934896.8746849224
1250,432211.7096567936
1251,632377.4495063014
1252,420214.6726100892
1253,916995.5718839504
1254,149070.77560801432
1255,472103.6688686088
1256,426948.21611282974
1257,1969888.668475315
1258,547568.9019042924
1259,337095.85564883053
1260,420254.0493721925
1261,1970662.6708654277
1262,728210.9129522741
1263,573779.8439269513
1264,402467.9035225734
1265,850707.7957595624
1266,1816398.3571239412
1267,495638.1178688966
1268,338176.1827411279
1269,501009.4649130292
1270,829486.661960192
1271,372889.95504338667
1272,592153.4896260314
1273,738280.7554174736
1274,124583.81971653923
1275,285120.4079352468
1276,155309.16141640022
1277,735540.899451375
1278,821455.5034882352
1279,417792.43289335445
1280,573000.4090078957
1281,151252.79491326213
1282,432684.832858026
1283,2042344.013956748
1284,189363.23102129623
1285,453386.20361478254
1286,388535.8605006002
1287,377810.3988090828
1288,342243.0968807675
1289,282024.12449594215
1290,764357.2152728848
1291,283705.1007110849
1292,496761.17358209565
1293,785950.1484691054
1294,219219.64448545128
1295,508226.73188082874
1296,317051.21118547395
1297,229801.17723150924
1298,569268.2582873851
1299,694062.9443226196
1300,170363.43724508956
1301,679465.2198127732
1302,503585.7872018926
1303,543394.4641037248
1304,1054124.0683563277
1305,79324.43849196658
1306,624348.3632604405
1307,1076611.8104472086
1308,120603.86280835792
1309,641962.5311468765
1310,9020.674125757068
1311,1171030.9984422065
1312,347458.4479397796
1313,695447.8049008958
1314,365799.04074776545
1315,42062.977357488126
1316,582675.438884262
1317,1080437.1526465602
1318,326040.9736706093
1319,398587.67898507044
1320,310761.7355902009
1321,363335.83616064116
1322,446119.6208842732
1323,417810.8942309953
1324,568942.7026311792
1325,448078.7586540319
1326,585213.8605347238
1327,559312.0630464777
1328,515429.3248464614
1329,396372.13515709713
1330,288339.16285631806
1331,1076832.5590703413
1332,477380.277708184
1333,464609.23827137053
1334,1057085.7121830992
1335,547347.7583642639
1336,1093511.913125001
1337,350044.5968823992
1338,890927.9236202836
1339,366635.97832175344
1340,896504.6659991853
1341,832729.6705450602
1342,960438.9535585381
1343,742134.8341262676
1344,723042.0086084493
1345,238379.39681933448
1346,762993.5460159704
1347,303205.60813903064
1348,417726.80778473616
1349,485065.01572427154
1350,458085.5038404502
1351,483381.98941020295
1352,446964.133542262
1353,879180.0265385956
1354,1725825.9359295815
1355,510425.43322266266
1356,262539.3285677582
1357,584088.4221306369
1358,472459.8339424841
1359,578786.9490654357
1360,546474.5446241647
1361,651372.2009812817
1362,342018.5142853372
1363,681475.016087316
1364,374880.2469036691
1365,1205500.4962500148
1366,573884.9831680171
1367,188192.92852784693
1368,633206.7377814204
1369,397809.56816730276
1370,323842.46762982383
1371,566698.699031964
1372,284562.9553972706
1373,377533.9693840407
1374,1599497.688686695
1375,430568.0601048209
1376,1291603.9352734797
1377,415327.6779582538
1378,798019.3935187049
1379,311182.18555997685
1380,709073.8748915866
1381,403936.4906232953
1382,333344.6381398812
1383,541127.7428184003
1384,1623160.0474700443
1385,1198202.211453803
1386,656205.6659446768
1387,308805.802925542
1388,633909.6505663209
1389,406976.8963293843
1390,852659.5917727053
1391,269765.87038087845
1392,419397.5464460477
1393,312994.6500170268
1394,252170.62938010693
1395,316030.9926168211
1396,754448.3982451856
1397,571662.2132994905
1398,568203.6523078308
1399,337795.2349075191
1400,660739.1085153185
1401,415404.7891348675
1402,403407.76356770843
1403,208171.46683391556
1404,874757.15573797
1405,387992.2916036993
1406,405109.0743252933
1407,344251.8666093312
1408,290720.8089071363
1409,315155.5578534603
1410,540105.307428237
1411,877382.7382625975
1412,543888.9120141976
1413,471409.4021273367
1414,414477.1026803516
1415,1588575.533218976
1416,237906.27361809835
1417,611684.7247931734
1418,663288.0227083378
1419,702567.8850172609
1420,213657.6988092214
1421,249989.4326709807
1422,482939.70233013853
1423,434711.3913262449
1424,417726.80778473616
1425,1486776.095502317
1426,2321083.9565772787
1427,745409.4195307568
1428,752679.2499249354
1429,366731.3048838377
1430,287743.02041558176
1431,528052.9844965301
1432,2031409.9493246041
1433,73043.76452475041
1434,523825.87668440863
1435,318998.0340048559
1436,532453.2168481685
1437,204845.31438341364
1438,195099.83881138638
1439,546569.4636634588
1440,546386.0615479872
1441,989008.6302853227
1442,352830.46873872355
1443,484235.7274491526
1444,537608.5351912677
1445,48797.71077014506
1446,606227.225897599
1447,217903.12246887386
1448,340421.23142088205
1449,281668.24478046596
1450,697933.4197817817
1451,398968.95952532813
1452,495384.52008565515
1453,410578.9953769706
1454,673928.3032377027
1455,185384.6828606613
1456,730788.2584399171
1457,197653.54416495934
1458,696403.006730482
1459,298530.4397078529
1460,415570.6582694277
1461,402535.54766047373
1462,863993.1981993094
1463,546630.8531740047
1464,669705.9150087759
1465,579330.2893588096
1466,962951.6404335909
1467,704300.093590796
1468,620712.1277696528
1469,627733.4351656437
1470,592571.6123006679
1471,480286.2978191078
1472,148368.18709922954
1473,378319.3321941756
1474,773940.1512475275
1475,459610.87017168105
1476,362376.7294802852
1477,396828.74325177446
1478,1245101.9799534865
1479,437461.7851280123
1480,679541.3987524956
1481,527579.5759368874
1482,62821.25767377764
1483,423350.03481378034
1484,524121.01494522765
1485,698300.1038080156
1486,848219.9309342131
1487,650953.5068689324
1488,351144.12436702475
1489,977130.8110522702
1490,414464.9405692704
1491,289045.7172503397
1492,1444255.7838349976
1493,931395.9774564877
1494,342402.3597655557
1495,1041594.1529713981
1496,295213.2866073847
1497,507508.0153757259
1498,508008.65800252184
1499,808171.2443792671
1500,699458.7296737581
1501,1954874.77229416
1502,1158327.5902550258
1503,1045842.5200733691
1504,812916.700178042
1505,570795.5544914827
1506,465825.52774154395
1507,667890.4998609386
1508,441223.30891305953
1509,272123.6312705055
1510,343631.43034922704
1511,311451.40355793387
1512,704161.7046416774
1513,658140.6719199494
1514,385384.56505515426
1515,609955.5445985533
1516,1175693.2602365613
1517,306989.77754404023
1518,431481.65868346766
1519,367969.5112776868
1520,500623.37413887307
1521,156857.16619662195
1522,1755766.4358399957
1523,630608.3011860512
1524,841981.2719719596
1525,402689.0470626056
1526,176534.3360919729
1527,555775.6511697471
1528,803794.5291517489
1529,674381.6327684484
1530,648198.2119685747
1531,517493.6984293796
1532,429668.55894642696
1533,298638.9759179428
1534,471882.52532857284
1535,404939.8592250198
1536,540689.0023994893
1537,778727.3847942129
1538,1787318.7971876487
1539,670975.996591799
1540,508616.80273760855
1541,740105.18962273
1542,749172.074764017
1543,625909.0009603873
1544,491132.50643348694
1545,394200.06796521693
1546,610093.407985162
1547,194506.8538869545
1548,1882758.113702979
1549,324329.880118154
1550,498935.66514776275
1551,272601.3596391827
1552,363933.6416721158
1553,458472.5050355047
1554,1045271.7852769978
1555,601970.2127519958
1556,642384.1946927197
1557,346624.5544972308
1558,1756862.1122982241
1559,693875.9771692269
1560,853267.736507792
1561,539738.150829576
1562,370236.2325630076
1563,905295.1217154302
1564,523740.685465917
1565,208073.27581597865
1566,218003.35501527786
1567,485206.7415848039
1568,315962.28352318704
1569,256568.45298691466
1570,791576.3485650197
1571,651238.8554914705
1572,696335.5587343946
1573,427764.38909232616
1574,595084.5994119793
1575,162093.41614945978
1576,2163543.634068791
1577,834632.7290445529
1578,780948.8257237896
1579,408610.400241103
1580,952282.9989199229
1581,221793.63131698593
1582,163334.53394003212
1583,863491.9610186405
1584,429425.578635253
1585,982413.6767276376
1586,473685.04261015356
1587,254909.87643667683
1588,130698.22077324241
1589,620822.6995396689
1590,213046.1699607335
1591,707652.6930924803
1592,1083938.7332039736
1593,574959.8532674648
1594,642107.7652676813
1595,458707.14668366686
1596,494874.7817760855
1597,611917.0668859668
1598,573760.0903833881
1599,548078.8331222571
1600,821003.3663874529
1601,623365.8502500243
1602,740989.7637828551
1603,421705.1136548072
1604,341066.66538098454
1605,425159.2807812132
1606,587319.4532249235
1607,770975.9481682107
1608,319041.5030457601
1609,506434.1678985432
1610,569057.773159299
1611,573743.5637972914
1612,613980.2099735811
1613,673830.5393206105
1614,397049.88679180294
1615,316246.37267419323
1616,477214.42005315796
1617,822686.4981042258
1618,1636483.9457569309
1619,-3339.9484539590776
1620,601649.8578619771
1621,718290.2897720449
1622,940429.2504045889
1623,211715.69112265855
1624,1741145.5127494447
1625,81778.93435598537
1626,576299.0842400827
1627,574498.5604320504
1628,443139.246999979
1629,735970.108667165
1630,578424.1892213263
1631,398597.8915720247
1632,398653.1774570346
1633,525390.3546045385
1634,759510.5352604762
1635,431879.99434673786
1636,1456552.566373013
1637,265918.0664394684
1638,453599.53576104343
1639,490016.29561115056
1640,457864.360300418
1641,816056.6716819219
1642,498331.1070718765
1643,262926.3297628127
1644,340885.19110651314
1645,439840.87642946094
1646,336834.83620360866
1647,608223.0113866366
1648,359717.5933969058
1649,487517.10684422404
1650,480728.26692982763
1651,784820.6311947219
1652,751017.7436803803
1653,444651.0337835476
1654,486391.87696445733
1655,805900.8864108026
1656,236579.41237790883
1657,484100.70591530576
1658,710351.1709015593
1659,563515.6750708409
1660,734399.4195253588
1661,524569.9737410359
1662,446628.23630002514
1663,320214.6687420048
1664,266208.04157466814
1665,748287.5006038882
1666,427961.2773950808
1667,545277.6591931097
1668,561845.6204111949
1669,304525.7650525309
1670,1566240.0356758125
1671,591266.6797700375
1672,313944.98903808
1673,556715.5112148784
1674,605010.9364274256
1675,226395.97013712674
1676,494439.16641176865
1677,332816.6877627373
1678,869542.4066009447
1679,626959.4327755347
1680,314196.18976146355
1681,922358.3027297109
1682,333731.6393349394
1683,551051.9126597829
1684,619385.2550499253
1685,1096579.1587903574
1686,916174.9296524636
1687,407198.0398694128
1688,581982.4316145256
1689,834466.860862881
1690,1271981.3019349985
1691,507304.97389839217
1692,852095.3754137047
1693,279290.95172513276
1694,1187430.6578960866
1695,458583.0768055171
1696,184095.23862554878
1697,367471.9383126162
1698,492725.3039765246
1699,483990.13414528966
1700,438237.8711226359
1701,1061392.365947947
1702,1198219.5494668484
1703,498955.2709693685
1704,485452.0169193223
1705,143304.3129759319
1706,1073388.4657924138
1707,333452.6411645226
1708,521126.4451503493
1709,296650.7196175903
1710,910093.4823016077
1711,488323.81327800825
1712,1037421.6149313487
1713,526483.0627926327
1714,360450.63091662526
1715,333201.27049166337
1716,750252.388871938
1717,598167.8449393511
1718,1183193.8931439258
1719,188298.9256431684
1720,1264185.9921488948
1721,582509.5812292434
1722,1002138.5309614353
1723,398774.64613845944
1724,546063.8914840631
1725,824598.8119525574
1726,322538.12416573986
1727,1758026.3576496355
1728,123188.06222685054
1729,201455.00651800632
1730,537451.584947858
1731,272192.44152044505
1732,678277.0923156962
1733,841096.6978118345
1734,608615.8793729655
1735,446204.80204642937
1736,556304.0717355311
1737,552655.2033250146
1738,265770.35966204107
1739,794064.213390369
1740,607056.5141727179
1741,867127.7036068887
1742,411510.33890002593
1743,509766.9669234343
1744,279907.6371011436
1745,675310.1323935539
1746,567827.974101454
1747,258929.81280049682
1748,817469.6549282968
1749,551051.9126597829
1750,176538.9412594065
1751,759479.4137809016
1752,567878.5424061008
1753,885826.1495836414
1754,428607.28773193434
1755,492694.4678553492
1756,1139398.7352337912
1757,506018.3661422394
1758,1582549.3717531227
1759,348740.9202063717
1760,618666.5500243604
1761,352378.8917054795
1762,356525.3330810666
1763,928745.154413905
1764,1551976.277343791
1765,881195.4406848401
1766,469197.9667270258
1767,390105.24538292736
1768,539690.3098081984
1769,323771.95736194775
1770,707547.2358820662
1771,295845.88110630214
1772,422204.9644703679
1773,776195.5485912785
1774,422507.62484914437
1775,244073.84297514334
1776,329169.7169135995
1777,1029822.7392433658
1778,2516992.683281187
1779,214431.8867962733
1780,164785.16205924377
1781,482521.85353437066
1782,617508.3861353882
1783,701247.8585058562
1784,410081.4465307519
1785,145090.19188744947
1786,161728.08755997196
1787,749216.0367074572
1788,692835.7579410374
1789,895571.7944301739
1790,796552.078215722
1791,520700.2797598317
1792,379924.87280386686
1793,861267.717765402
1794,337783.41806341335
1795,643434.6265078709
1796,803783.2052101865
1797,195501.99981709197
1798,638258.3768513501
1799,195522.62335131317
1800,312873.9336887114
1801,776810.2882080302
1802,370484.66556306556
1803,1237349.61068777
1804,162919.54565912485
1805,497888.27138436213
1806,530209.1340118349
1807,928881.7518022321
1808,218445.64209534228
1809,450160.5543959737
1810,434926.48150483146
1811,608193.0679940507
1812,797224.4280333146
1813,353200.36858682707
1814,1683562.6244679764
1815,409765.6403436065
1816,671215.4650093354
1817,646591.415582072
1818,997328.6589657515
1819,441033.0014942065
1820,743422.3427231982
1821,286699.2603161782
1822,503806.9307419248
1823,359737.6778941825
1824,830079.4889358953
1825,288855.40983148664
1826,318196.3056477383
1827,640961.6645619385
1828,399447.024443537
1829,612518.9773891494
1830,1592556.1169395372
1831,31990.801727768034
1832,505208.5900467299
1833,875126.28098673
1834,605873.673816409
1835,1772487.2228761911
1836,486944.73581453785
1837,762065.046390865
1838,367493.31841472536
1839,277389.31471118703
1840,1009040.7220108658
1841,562612.1562551744
1842,779399.122421585
1843,728882.154966142
1844,450744.83938730136
1845,213215.4117291607
1846,204679.45672839507
1847,44716.69983785972
1848,394727.87962147593
1849,48923.2095384337
1850,441159.1156164408
1851,284874.8261109181
1852,560496.8915845118
1853,706444.7316965945
1854,386711.4148158021
1855,634275.7141927257
1856,561107.2720154636
1857,567527.1063921191
1858,1258527.0343400873
1859,1035924.6408476941
1860,542191.8500439189
1861,357266.16389267147
1862,625082.5523814633
1863,683266.1729488708
1864,571389.3069488965
1865,49792.85670028627
1866,846000.8358079307
1867,397097.36128304526
1868,605066.2223124355
1869,665084.9398325346
1870,599738.2804541178
1871,534797.8624674864
1872,684791.3081899211
1873,630718.8729560673
1874,339579.8558436893
1875,894673.2001630589
1876,645922.4913332239
1877,161311.19108776748
1878,503893.0527481064
1879,338093.2966023162
1880,1796094.2957745343
1881,575248.6524249353
1882,996583.1145007387
1883,132586.66267818213
1884,-62440.5595273301
1885,325976.6884355694
1886,586962.3343226463
1887,393772.08633458987
1888,1393143.5121083334
1889,634257.1695965677
1890,454339.56176805124
1891,743708.06210142
1892,256663.11563402414
1893,804829.1572466977
1894,739994.6178527139
1895,322567.0624116622
1896,560837.8322755136
1897,152805.3874681443
1898,671653.452589266
1899,1760656.0434845164
1900,856191.9952867478
1901,351494.31754535437
1902,416668.5645758137
1903,276982.5549192913
1904,583670.5848144069
1905,444405.4404796846
1906,1198713.424648963
1907,779029.2923644371
1908,424416.3998706825
1909,1364673.0038607977
1910,419114.7183925882
1911,847280.0708890781
1912,757686.1010552198
1913,813316.6615479812
1914,480531.5731536299
1915,547914.22757883
1916,487452.45333790407
1917,381540.26233996823
1918,349178.0738576874
1919,289220.57425539196
1920,265814.80614770576
1921,561723.8997811414
1922,703996.8349968717
1923,833854.2468758076
1924,622149.5607798547
1925,1274714.5944168344
1926,458173.4371614754
1927,337557.6693559438
1928,533139.2859172486
1929,1009864.5347555429
1930,639595.4506784976
1931,305446.93881649524
1932,785495.7821291201
1933,476885.5444393046
1934,197410.52046861127
1935,311535.7379803099
1936,1448441.7073753886
1937,244737.27359523624
1938,246158.79748253524
1939,725253.4440087639
1940,240314.4027946107
1941,1104777.2734917141
1942,232574.37889351323
1943,500103.3738763854
1944,623022.8109984174
1945,1965576.3694447055
1946,1043631.0846730545
1947,476163.98823801056
1948,207873.7504060939
1949,724335.6230516955
1950,344473.0101493597
1951,485175.58749428764
1952,650413.6081937402
1953,679677.7173091732
1954,528459.830287978
1955,617892.5476342551
1956,487608.16643463075
1957,397812.55471369997
1958,194979.97708819062
1959,577080.2405569069
1960,992512.8757519238
1961,434398.6952932663
1962,210268.71298965812
1963,713590.9895463735
1964,535375.159601856
1965,1184934.1470271014
1966,540934.5957033522
1967,556580.5011605695
1968,982229.0863302052
1969,464241.74925592914
1970,966763.2076146081
1971,584339.509063255
1972,796271.8189277016
1973,473885.93248447403
1974,772774.8553516641
1975,639173.3210515752
1976,1580006.2210427597
1977,427899.41062617674
1978,826281.5529082194
1979,583928.536371164
1980,755585.2374249212
1981,245865.3574547097
1982,794779.8602337502
1983,402460.0921288021
1984,636300.4118845277
1985,758545.2716231123
1986,743532.9144932218
1987,301405.30572826415
1988,631354.3071511798
1989,100755.60327816382
1990,383186.7400193326
1991,780209.3849629685
1992,443115.3872562237
1993,753348.3984323777
1994,748165.6048923098
1995,-139702.10991273448
1996,697831.3321881332
1997,178320.25169073418
1998,283713.8225257546
1999,644350.354758516
2000,644137.5392927714
2001,500257.7947020829
2002,502766.83815038577
2003,485120.3016092777
2004,286381.1553706229
2005,646364.7669337466
2006,667995.057559479
2007,928273.892425552
2008,741653.194402948
2009,155127.3705196269
2010,688129.7859996296
2011,508395.6591975726
2012,472625.69159751013
2013,165178.84950904548
2014,327192.69254733995
2015,566976.0588568859
2016,390782.08488835394
2017,315724.3499452919
2018,403780.4437481463
2019,398464.6813530214
2020,469021.2696726583
2021,434987.8207512833
2022,467981.6772568524
2023,416099.06735567376
2024,199042.78128992394
2025,556597.0162671283
2026,134346.90358681977
2027,878726.4155169688
2028,258942.67638052627
2029,513477.35545085743
2030,471939.62252842635
2031,426130.26230592653
2032,384727.71531896293
2033,1575551.6385549158
2034,995116.4610196911
2035,893840.9043877907
2036,84166.3719696179
2037,618206.112066701
2038,1484010.7798288688
2039,253583.01519649103
2040,2041238.2962565944
2041,750321.7544076145
2042,159373.8315832205
2043,628427.7019069158
2044,1221184.8975543715
2045,461070.9416308701
2046,397114.4626299925
2047,553774.0363207869
2048,817702.4403792322
2049,353090.9364948347
2050,450575.54267688096
2051,487187.8080641292
2052,509264.7622379586
2053,502922.3565817997
2054,-93207.2780511342
2055,1079002.727136504
2056,381565.10992971435
2057,453828.49069484696
2058,506405.3673372902
2059,972486.7967116125
2060,285372.3990759887
2061,1141360.725646697
2062,346684.44554967433
2063,391919.1963974908
2064,600324.7514973767
2065,466583.99956532195
2066,480144.5719585717
2067,1225384.7636020854
2068,271295.8785011023
2069,430718.99076157436
2070,649571.3597437367
2071,473676.12341265753
2072,1167863.9008145928
2073,365006.00219682604
2074,254965.16232168302
2075,1037162.9540964849
2076,648973.3595669456
2077,345855.1572745554
2078,477243.2206144072
2079,382720.629987821
2080,71108.75854947418
2081,295529.06867568195
2082,302345.16577339545
2083,412845.7407811396
2084,386007.61266966164
2085,281637.4086592905
2086,463685.89333280176
2087,194095.40292806178
2088,490139.982676778
2089,449682.0493192598
2090,282532.32204303145
2091,720708.490028616
2092,568079.9652421996
2093,389653.3950448595
2094,29801.295037016273
2095,193155.5428829305
2096,607941.088332843
2097,755876.5697293878
2098,368929.21591921523
2099,643396.7280907147
2100,460075.7957007326
2101,783700.3493016772
2102,291896.13350691274
2103,381824.3514909744
2104,626130.1445004195
2105,1190450.7616706677
2106,565765.9450529888
2107,617265.716617994
2108,562661.9485114291
2109,724590.013388671
2110,93554.8278626576
2111,165302.35375039652
2112,537078.1941172965
2113,805041.6547430977
2114,533380.1501612142
2115,188685.92683822662
2116,512307.8676893264
2117,664774.9781208895
2118,532033.5682170913
2119,192027.9082590975
2120,447522.8301422335
2121,1557670.7234995998
2122,466544.24424664676
2123,354313.8976807557
2124,557976.2586502545
2125,1045302.787045557
2126,285814.6861560531
2127,141202.3533277884
2128,623586.9937900566
2129,721408.3479031287
2130,578141.9963136204
2131,727406.2261087969
2132,477546.13536320627
2133,728866.3512459397
2134,306491.9251183234
2135,355883.2825630829
2136,261398.16957898438
2137,341211.1429338977
2138,-38545.06834472716
2139,819326.032975968
2140,531646.5670220368
2141,508340.37331256643
2142,374050.9586285502
2143,745191.4910434559
2144,748386.7379056886
2145,487804.8602108285
2146,314402.8705805801
2147,268389.4197916314
2148,207298.5132246092
2149,452032.8570508361
2150,410364.08979280293
2151,517578.8795915358
2152,706511.5289911069
2153,524901.6890510805
2154,666705.3789287247
2155,615758.9516394734
2156,1253566.6224487573
2157,301782.0943363607
2158,181293.52737008035
2159,737783.182452403
2160,872807.8287480809
2161,243921.59568460658
2162,-410709.14158841595
2163,582799.1259498969
2164,945279.3065589704
2165,783675.9606376551
2166,1628965.0653958656
2167,534735.9048667289
2168,207536.45386886597
2169,532153.4299402907
2170,329379.963542223
2171,693088.0555715859
2172,768503.656648472
2173,622193.5121966489
2174,595715.248020146
2175,531942.8410434723
2176,696192.2878036126
2177,459633.5086206719
2178,1004470.8021412231
2179,525440.2268865481
2180,334189.83553790674
2181,641136.7837429754
2182,275047.0538751446
2183,333151.56583383307
2184,601906.019455377
2185,477711.99301822856
2186,286699.2603161782
2187,284708.9684558995
2188,273766.3160906136
2189,936732.6328317448
2190,587264.1673399135
2191,614950.9061398879
2192,349448.73980006576
2193,393022.93638373166
2194,860714.5409459807
2195,397864.01525627077
2196,440093.14144907147
2197,497725.48339106515
2198,237341.12711526453
2199,523521.3532407321
2200,652280.3681091219
2201,485065.01572427154
2202,712840.3409022577
2203,454080.4703560546
2204,377091.68230398
2205,474394.83991776034
2206,290505.26456704363
2207,570055.3118222542
2208,334158.9994167276
2209,334519.51528802514
2210,1809528.765831437
2211,359842.48618153855
2212,444301.4495935701
2213,136456.67462873086
2214,502203.6400766969
2215,609153.5479400307
2216,467770.87294042856
2217,1695639.8427153118
2218,1291806.2074204795
2219,338480.217644833
2220,582106.7763139829
2221,582577.9824098647
2222,392853.9230138697
2223,596054.6230561584
2224,332039.44950525835
2225,127083.12137121707
2226,488658.59824977815
2227,320721.45969810337
2228,802230.7206513286
2229,617063.2593591362
2230,454184.37041032314
2231,311777.1351860501
2232,378615.23732036725
2233,205095.25848469883
2234,305142.1074598059
2235,303033.0461573191
2236,908012.1230855696
2237,1273723.2783496752
2238,749312.5288268067
2239,960040.6378560662
2240,494091.54197881743
2241,1172494.82290034
2242,290624.55815173686
2243,348355.1842109896
2244,716527.9990171641
2245,785202.6680689193
2246,414907.2276493311
2247,820850.7321920544
2248,488050.45351469144
2249,236689.98414792493
2250,574981.7934565619
2251,228562.95905177668
2252,833128.69564192
2253,649527.4342787564
2254,478320.13775331527
2255,217229.35262517259
2256,395955.9859357551
2257,702113.5740353949
2258,321363.5102160871
2259,1227398.1513863541
2260,554903.4467420541
2261,236665.53438409418
2262,275454.3087359108
2263,782111.1382871158
2264,2223933.696443636
2265,620550.7724997401
2266,606061.3682425767
2267,641882.3294169568
2268,775678.7907017507
2269,411187.1642309055
2270,613690.8203736581
2271,452974.7526558973
2272,1411918.3572860658
2273,136274.90785080194
2274,1000048.4692738466
2275,610827.3147732764
2276,650297.3194022961
2277,536783.8620170727
2278,389819.59796685725
2279,747015.9252487086
2280,386032.08655234426
2281,494660.30995180085
2282,407111.91786323115
2283,662255.9918159619
2284,480006.0037635751
2285,389323.4732552022
2286,588441.9609629475
2287,266338.121391546
2288,263067.11477932334
2289,731825.917236045
2290,679698.3372100219
2291,348719.18389562145
2292,414954.7021405734
2293,870113.1413973123
2294,538677.1643712148
2295,464830.38181140646
2296,427125.408236064
2297,635181.869831048
2298,486613.02050448954
2299,188591.26419111714
2300,440259.3170734383
2301,779811.815478377
2302,126931.59328448027
2303,655230.032194145
2304,643344.051459685
2305,344749.4395743981
2306,559624.0645321906
2307,105220.14959930629
2308,532144.4579564556
2309,374990.81867368147
2310,2114394.0627213567
2311,247236.03533199802
2312,616510.4005090557
2313,116685.70789803937
2314,391917.589439258
2315,500031.95999505743
2316,494187.1867505647
2317,808604.4011474289
2318,574604.0176424645
2319,782106.6585084796
2320,577920.8527735882
2321,312913.68900738657
2322,731148.8762514628
2323,1223323.7685533725
2324,560260.2056922615
2325,1528479.7762154676
2326,424060.552766148
2327,409765.6403436065
2328,312761.2783141807
2329,1055904.5511447936
2330,580714.766274862
2331,227306.31069486588
2332,1599133.9291579314
2333,295183.0479161963
2334,784831.4705940634
2335,701967.2189205103
2336,1238478.0556202605
2337,689880.5333971083
2338,594009.0453108661
2339,522561.8130008243
2340,553055.8148845583
2341,331575.46570078656
2342,596496.9101362191
2343,797171.5833708383
2344,359400.1876219362
2345,867719.9392190725
2346,712462.2471188158
2347,363509.89918821305
2348,735627.0329370946
2349,617007.9734741263
2350,303652.9591252282
2351,498276.0067838095
2352,662508.2568355724
2353,803960.3868067749
2354,1852959.0216837563
2355,473575.8908662498
2356,587131.758798752
2357,700877.2584609911
2358,411121.30214504525
2359,722026.7052251697
2360,406623.6348513402
2361,421074.7970063798
2362,560979.2401667051
2363,294064.44513330236
2364,402808.53803011775
2365,300291.7766343355
2366,234880.47694093734
2367,482939.70233013853
2368,719954.6421561241
2369,521936.095857054
2370,727015.5501714908
2371,1040728.0786968991
2372,845413.4766210802
2373,795562.3648145273
2374,366200.3629574366
2375,403675.28558113426
2376,490771.8201329708
2377,892669.7824805044
2378,754633.8877908401
2379,756224.536250528
2380,796496.7923307158
2381,787761.6224994808
2382,923642.8382597752
2383,530430.2775518671
2384,412972.2216740623
2385,442759.82410433143
2386,404212.60207898915
2387,1012134.920256462
2388,550443.7679246999
2389,454072.65896227956
2390,488180.526937671
2391,995877.1953219101
2392,644294.7509041615
2393,327842.85567341
2394,999598.4475683086
2395,749172.074764017
2396,885652.5278477818
2397,478273.7710658014
2398,561733.4488863237
2399,296040.49127798155
2400,711037.9294042289
2401,385813.7627914138
2402,635197.029641699
2403,502400.33385289833
2404,220070.86147012934
2405,299888.4550385587
2406,429478.2515275702
2407,763756.2244645171
2408,533360.4294572808
2409,633980.7401715331
2410,610428.9531581961
2411,523289.6765711829
2412,275033.9385795295
2413,270224.06658384576
2414,703727.0772875808
2415,710399.3313604854
2416,516322.16428790987
2417,622076.4060149156
2418,934664.4166374691
2419,683394.9869003147
2420,774935.2971776612
2421,533747.4306523353
2422,359344.90173693
2423,620380.4124596044
2424,577509.7197840512
2425,609157.3778030127
2426,484874.70830541477
2427,514201.27455338463
2428,665164.819012139
2429,401248.5443906784
2430,435283.26945339143
2431,536235.2954776883
2432,704501.0796776861
2433,579333.836019963
2434,782177.7481136881
2435,920605.9444473274
2436,624803.28326023
2437,325653.9724755548
2438,1957725.7737735957
2439,890283.5820135586
2440,485052.72807151824
2441,713930.5162501931
2442,292061.99116193876
2443,476858.2549792789
2444,352790.0573059656
2445,502234.4761978723
2446,1273999.7077747136
2447,463379.39594877884
2448,556102.6488994285
2449,543309.853198763
2450,573562.1870554723
2451,1949875.178102482
2452,238180.61943861842
2453,799637.2483768202
2454,941250.2716821879
2455,372932.95327563956
2456,879635.428914275
2457,449427.73420072347
2458,615703.0409434997
2459,408936.35206848755
2460,548287.6184093952
2461,793057.7329920158
2462,519870.673515372
2463,845732.0661088601
2464,385117.13498014584
2465,546684.3277441673
2466,275710.9795641117
2467,826798.8898439519
2468,1203880.4155469276
2469,1039956.8357110173
2470,210801.0301536098
2471,706725.6303736195
2472,331243.7745095864
2473,908280.5595058538
2474,977197.2954900376
2475,324741.33107703924
2476,451557.1642420888
2477,778525.0498401858
2478,341952.8841664046
2479,405795.9535344541
2480,640338.6169474311
2481,881049.8576636948
2482,685649.4738049805
2483,1811850.773001764
2484,381861.1954129264
2485,775199.43894995
2486,381253.05067783967
2487,1222473.262947414
2488,558957.7942159064
2489,690790.1801957451
2490,454625.5178123601
2491,712769.5126650296
2492,536898.7260977812
2493,619993.4112645499
2494,728422.5298730358
2495,413555.91664531454
2496,284065.3824321963
2497,627125.2904305607
2498,324445.96692410484
2499,436574.6894049682
2500,801312.614964921
2501,999632.1662504524
2502,546850.1853991896
2503,705219.7961827889
2504,512039.92244065553
2505,559897.6542610414
2506,485086.94443382695
2507,199359.37884791195
2508,439484.99671398476
2509,1216838.5473498628
2510,407941.20613834634
2511,534853.1483524926
2512,763036.544248227
2513,1177775.132433977
2514,248833.8109612912
2515,725122.7147856094
2516,785067.5411323681
2517,408762.68301969394
2518,536732.8684427552
2519,732453.9007205069
2520,758460.1034453288
2521,1024919.0519481786
2522,383105.55611708015
2523,435344.3188210614
2524,1088578.50918442
2525,435063.93722820655
2526,917148.7966192476
2527,451860.3131410666
2528,431247.3998478204
2529,974246.0821179375
2530,1085503.7343350947
2531,279918.94105660915
2532,546905.4712841958
2533,1158669.676906135
2534,732420.4516066425
2535,1092938.75234342
2536,319357.28511405364
2537,414683.014447581
2538,727616.3430936225
2539,824308.4321858473
2540,555541.8861895278
2541,880175.1724687368
2542,652255.9183452912
2543,704326.3146110512
2544,424425.3992207125
2545,714655.0312683806
2546,273928.2208793722
2547,827852.8884801865
2548,536014.1519376561
2549,636800.3203069307
2550,299857.3009480424
2551,202151.23301630467
2552,802549.4976070523
2553,366476.7923824787
2554,657673.9350760579
2555,533802.7165373415
2556,365813.3617623821
2557,390258.64213334024
2558,865502.576170519
2559,661543.9470266029
2560,536843.4402127713
2561,606381.7490844093
2562,300244.3021430932
2563,635141.7437566966
2564,443302.3357722126
2565,576212.7538210079
2566,840092.9058380611
2567,600066.0428978987
2568,1085195.2307996005
2569,931204.0443309657
2570,317915.2884480357
2571,323708.5421138182
2572,530264.419896841
2573,699183.4221299775
2574,747004.6013071463
2575,801102.0358929262
2576,621430.8442747556
2577,415672.50822477415
2578,982146.5088286027
2579,396597.387124788
2580,592319.3472810574
2581,482509.23209418356
2582,647316.99671131
2583,1707802.737417031
2584,833834.2768906094
2585,492441.0631577149
2586,1056138.8099804446
2587,579500.0116443299
2588,805182.1088058874
2589,995156.7239412181
2590,264032.0474629663
2591,782011.8904586658
2592,541804.8488488607
2593,605397.9376224801
2594,496816.4479875639
2595,358936.075250268
2596,778708.2354663275
2597,709034.5222483315
2598,627346.4339705929
2599,701351.5955470875
2600,503450.76566804573
2601,84774.51670470461
2602,713902.5198252089
2603,231136.9458833076
2604,376459.40577440336
2605,966931.0842989124
2606,904912.1274726652
2607,560782.2284211628
2608,1860035.6149647608
2609,700168.4376480915
2610,437985.6061030291
2611,478848.5468395613
2612,920522.5445828885
2613,854958.1371894218
2614,831260.2795324251
2615,601675.3054586761
2616,477132.6488443911
2617,681889.1527094841
2618,924846.1675550602
2619,728366.1041327864
2620,777149.4287434034
2621,624660.4503326081
2622,887362.3375197537
2623,573909.147573445
2624,778738.6993016377
2625,366753.2218075134
2626,876537.6644782461
2627,639995.5671691708
2628,376207.1081438549
2629,382509.69903474674
2630,467888.3887555897
2631,480662.7684578635
2632,593953.7594258636
2633,664577.9989862889
2634,934841.5887999162
2635,547403.0442492701
2636,549767.2479607984
2637,682178.6974301413
2638,827939.3010895178
2639,561480.4480286986
2640,899869.9077064097
2641,426974.47757931054
2642,544241.5362168662
2643,287439.3569233902
2644,1728565.7804161422
2645,659315.1736132465
2646,540704.5447517075
2647,618413.1453267261
2648,353761.6362606622
2649,312011.28823814914
2650,440831.7025505714
2651,360218.64797724783
2652,593756.7802912593
2653,533305.1435722709
2654,773676.0800753757
2655,1233018.77311147
2656,654584.5063995197
2657,573730.0224244073
2658,792429.8012455627
2659,695398.6293553263
2660,1025616.5322041363
2661,288744.83806147054
2662,1249346.6477344632
2663,220915.6380407624
2664,758957.6764103994
2665,434022.5910096206
2666,1143528.3865715116
2667,740271.0472777523
2668,736677.464752242
2669,678350.8560689837
2670,482079.5779338479
2671,806470.3659386262
2672,388480.574615594
2673,614626.075251352
2674,758294.2457903065
2675,380187.6918644197
2676,278185.2340249717
2677,782685.8142009489
2678,776206.8725328408
2679,1064877.6545539312
2680,531867.7105620727
2681,1696327.1378763765
2682,351061.02981532365
2683,794562.3837854266
2684,640106.1389391869
2685,452691.6515151076
2686,606558.9412076436
2687,825959.5638724528
2688,578134.184919849
2689,580328.9819501005
2690,486666.2227849774
2691,1020364.3731283918
2692,578307.8539686464
2693,408436.6954988986
2694,2204118.5743104294
2695,572779.2539883219
2696,1012569.0633422881
2697,1099082.8273359127
2698,1185552.6476535797
2699,903130.175167013
2700,670214.9235612191
2701,475776.98704295605
2702,596496.9101362191
2703,553650.349255152
2704,208735.94986818358
2705,351162.60223530605
2706,421912.6259224266
2707,312670.07341743633
2708,440449.30652295426
2709,1414039.4693098105
2710,536518.3057866246
2711,545174.2708359174
2712,389100.5361947827
2713,631879.8765412308
2714,557692.7997446246
2715,1420800.2371499613
2716,637597.3474244438
2717,798006.3012637943
2718,577699.7092335597
2719,550490.1463980936
2720,1252217.0690816306
2721,1735998.538771022
2722,716663.9743794091
2723,345556.8109258376
2724,579444.4077899791
2725,483406.4391740374
2726,734692.936374627
2727,431733.85739564896
2728,1801401.7407352887
2729,582285.3680274859
2730,884469.5955530554
2731,550277.9102696776
2732,538778.4461880475
2733,393966.23548426107
2734,619053.5512194186
2735,834364.5538993552
2736,525732.7886410467
2737,587571.4328861274
2738,908105.904817719
2739,680464.834994901
2740,631824.305297818
2741,487374.3899748735
2742,620148.4295202307
2743,1861583.6197449826
2744,728829.7087773271
2745,492525.5405386016
2746,537949.1579129286
2747,763207.0298300385
2748,581790.8647241406
2749,769240.8510218561
2750,639951.6157523766
2751,842810.5602470748
2752,723586.5268494934
2753,543146.0311036669
2754,344661.89253178984
2755,1583630.6396894455
2756,453015.71752629057
2757,834944.6468165852
2758,2224375.9835237004
2759,800508.2121724524
2760,385304.8294063136
2761,143860.37805234268
2762,1241330.194408331
2763,624447.4361556955
2764,500725.8481797576
2765,407750.8987194896
2766,1313699.4178835824
2767,1219903.720789127
2768,275884.6069567539
2769,450619.8257598765
2770,380651.9076540433
2771,923120.9811782576
2772,1938762.7152159065
2773,357022.9060461372
2774,591213.6295808963
2775,669885.4439470395
2776,555640.6411154382
2777,688910.4601054788
2778,675311.9437084012
2779,2608024.0861252546
2780,556503.3785044178
2781,482663.27290510014
2782,1344817.0966067575
2783,550656.0040531158
2784,627678.1492806375
2785,639343.185658887
2786,378615.23732036725
2787,687407.5286233127
2788,364375.9287521802
2789,1854617.5982339904
2790,787098.1918793842
2791,602136.0704070218
2792,731296.2560382038
2793,760715.4902624376
2794,845319.9922752939
2795,930841.2075413391
2796,1149215.801096443
2797,981876.7511193119
2798,474766.68130216375
2799,386830.99741538987
2800,614700.8933020681
2801,491809.6083368212
2802,1053140.2568944022
2803,434036.1438620426
2804,732047.0607760772
2805,641827.0435319468
2806,1050154.8191039786
2807,599758.7773516849
2808,853620.6096519381
2809,508795.018645525
2810,410450.99967326224
2811,488437.45470974594
2812,905922.5911621824
2813,422733.3735566139
2814,549227.4784545265
2815,477955.0652678199
2816,489593.8531274721
2817,118486.67839666829
2818,760063.3941105567
2819,494160.70142680407
2820,662016.4473531619
2821,491840.72981640324
2822,1247743.357069239
2823,458804.220345553
2824,543566.4012600519
2825,816510.2827035524
2826,547790.0454443246
2827,456961.0998591222
2828,475721.70115794986
2829,638527.6808503047
2830,540533.2734936811
2831,829901.8251283392
2832,578584.2833936848
2833,403991.45853896067
2834,486862.964605771
2835,714057.7263902724
2836,838077.541339267
2837,450562.0183119476
2838,588867.4580051415
2839,749191.7954679467
2840,235675.7703294307
2841,743477.6286082081
2842,521554.2972594239
2843,354549.9441002086
2844,606724.7988626696
2845,248220.28435073048
2846,933968.3385813534
2847,656275.8788279556
2848,562896.7024159506
2849,326820.8795901127
2850,596373.705446478
2851,756801.5268950947
2852,760850.8946087994
2853,1570011.1671372205
2854,553982.0645652041
2855,529311.4705079012
2856,589893.7580258027
2857,637550.1909025498
2858,723926.2699118331
2859,983272.0240667723
2860,532799.759213429
2861,268565.49003361166
2862,1285329.4843383357
2863,696480.3340408616
2864,1382278.6189108044
2865,538280.8732229769
2866,378815.6892975196
2867,780698.5273266099
2868,271086.72382029146
2869,441751.7179993056
2870,1752363.1607333422
2871,742573.9865597263
2872,519096.6596457213
2873,519836.01116457954
2874,530596.1352068894
2875,711768.5778075345
2876,905805.1846633814
2877,720232.4842664041
2878,975021.6193476841
2879,499967.7549125515
2880,717855.1912110671
2881,570291.4006425105
2882,595708.5867314972
2883,367858.9395076707
2884,701847.3571973145
2885,1061786.089666739
2886,599703.491466675
2887,210500.98976077512
2888,857790.1525232308
2889,663226.9733406715
2890,676526.4218637273
2891,737539.4004633836
2892,677245.1383688264
2893,467127.9392179027
2894,830353.8682620116
2895,387295.121266596
2896,518046.23931011185
2897,453119.91874803975
2898,509386.1999602765
2899,713864.2388404086
2900,523298.3983858563
2901,691895.8978959024
2902,669818.3519094959
2903,818942.8616438955
2904,286809.8320861943
2905,797270.7947208248
2906,761721.9706607945
2907,904500.9618721791
2908,684755.296915222
2909,683310.7819994874
2910,736906.4909185283
2911,792319.2294755504
2912,2120960.542437881
2913,894873.5581548512
2914,867527.6649768278
2915,1163479.5594284646
2916,458992.0067101382
2917,546120.1344258748
2918,351936.6046254188
2919,853622.038542077
2920,797104.9370658025
2921,616782.5376234017
2922,379278.66794046015
2923,491355.3189624101
2924,622392.633029446
2925,453290.558843039
2926,857625.5984339714
2927,530264.419896841
2928,540215.8791982532
2929,712094.9666276909
2930,252876.46080246568
2931,1006934.3828501217
2932,864206.1977451034
2933,557363.4227481745
2934,1332154.610391833
2935,1080722.3958199099
2936,650689.4356967881
2937,535350.7213175632
2938,419075.783331424
2939,595231.0982637033
2940,559952.9401460439
2941,549874.9999517202
2942,476187.0129654147
2943,975580.7411123179
2944,545025.7511939295
2945,824706.0917928405
2946,596130.5324753858
2947,471183.65341986716
2948,781846.0328036398
2949,711383.8188786842
2950,1974698.5404709987
2951,605309.4801589698
2952,462638.9431329258
2953,432408.4034329839
2954,891398.2071253248
2955,754227.2547051534
2956,498563.69086367637
2957,1256975.4735757485
2958,802179.9040183052
2959,452235.5392532274
2960,911906.9926127419
2961,681281.0079743974
2962,737064.4659473002
2963,544296.8221018761
2964,305973.5372863449
2965,501792.1891178116
2966,626395.2394572459
2967,935311.9898594096
2968,624526.8538351916
2969,371397.2361481711
2970,520699.96179048717
2971,669572.56246382
2972,582550.546099633
2973,540041.2997285537
2974,657452.7915360257
2975,580883.6521150284
2976,519219.4050063528
2977,1061943.672785528
2978,594815.6951369978
2979,383083.18141904473
2980,615902.255773969
2981,683642.4973095357
2982,693886.1897561848
2983,407056.63197822496
2984,279235.66584012285
2985,783471.4377753697
2986,317925.57275864854
2987,795375.2709103599
2988,818643.7937698662
2989,352434.17759048566
2990,721134.3196712732
2991,628261.8442518897
2992,238379.39681933448
2993,538192.2301625237
2994,274923.3668095097
2995,462855.01694939286
2996,367537.5634212345
2997,339079.15782402083
2998,585359.9974858165
2999,452203.3632584773
3000,748095.1576251052
3001,283271.5354456939
3002,604050.579484731
3003,320247.57992897555
3004,270500.49600888416
3005,1245203.7486667596
3006,2340409.566566184
3007,348951.16683499515
3008,274149.3644194007
3009,639442.7083190903
3010,620712.1277696528
3011,580163.124295082
3012,682251.081266027
3013,468242.9468712397
3014,421154.5326552205
3015,685743.2555371299
3016,1184041.4288727418
3017,670434.761925906
3018,596386.338366203
3019,708979.2363633215
3020,1993416.0057248212
3021,562938.3779364713
3022,561070.8199572824
3023,480520.2386854142
3024,372987.43746959046
3025,492223.1258440204
3026,989793.9930954576
3027,1012075.9701558538
3028,661126.109710373
3029,440037.8555640653
3030,536843.7581821196
3031,355561.3412414454
3032,961497.63965353
3033,988303.0396024883
3034,359942.21855220944
3035,2140624.394264769
3036,1234691.443534147
3037,1003936.8055551015
3038,406911.39785742015
3039,579756.183890257
3040,533778.2667735107
3041,831563.0758266561
3042,475940.76109346
3043,377951.8067002706
3044,367084.9371175654
3045,399482.4657321498
3046,510542.261828471
3047,1946336.8814619817
3048,406614.34489816055
3049,369815.8741925061
3050,1042526.9189853929
3051,782233.0339986943
3052,1048256.621145431
3053,976976.4648067541
3054,707034.0178010911
3055,1242548.7087644339
3056,327887.24464701116
3057,662244.1856634244
3058,1781474.3723686375
3059,559728.7269442938
3060,659324.700232517
3061,503663.1873934008
3062,437881.70604876056
3063,522095.60702381656
3064,828692.6895848848
3065,757508.9089319818
3066,515328.32353311405
3067,774935.2971776612
3068,660020.3920102194
3069,313444.9957402423
3070,487774.02408965304
3071,605066.2223124355
3072,430880.24324916303
3073,666961.9637573697
3074,624668.5796957277
3075,294184.9690987393
3076,650511.2083093338
3077,538569.4647590965
3078,689739.7483805977
3079,1130639.7437338121
3080,709799.6172268242
3081,931247.9957477562
3082,329884.11739119515
3083,661900.1121004857
3084,1886849.2691935562
3085,735411.6528797261
3086,657673.9350760579
3087,545081.0370789394
3088,841954.1480600461
3089,291086.6898281947
3090,660689.5861129723
3091,922500.028590247
3092,1010472.6794906296
3093,549946.1949596293
3094,322316.4855568372
3095,430749.8268827498
3096,306381.0353789665
3097,945722.5262787491
3098,475348.1980710253
3099,560229.369571086
3100,281502.38712544367
3101,880121.6978985742
3102,696816.3416615985
3103,148504.3923929967
3104,862768.7647349052
3105,276833.30014627054
3106,903664.0138710961
3107,892603.1726539358
3108,639109.6945575327
3109,589119.4376663491
3110,377810.3988090828
3111,530485.5634368733
3112,509366.3553638831
3113,393014.01718623564
3114,680507.0055842921
3115,701792.3892816491
3116,441143.57326421887
3117,733911.086897336
3118,728310.8182477802
3119,533360.4294572808
3120,262647.8647778481
3121,457753.7885304019
3122,595170.048896037
3123,665554.7439936623
3124,804181.5303468034
3125,443002.60179160535
3126,208846.52163819596
3127,911254.4858867712
3128,749757.5810501128
3129,684996.0591813326
3130,988980.6338603385
3131,2162898.0793949924
3132,625716.6579816043
3133,217028.83261935785
3134,302778.54544184357
3135,875577.5366014726
3136,843326.776628539
3137,590786.6602602154
3138,715464.4749471061
3139,562653.0410998166
3140,790304.7732098401
3141,440037.8555640653
3142,382896.70022980124
3143,578252.5680836402
3144,1219895.4347733594
3145,684807.9701466858
3146,700575.7818421312
3147,568942.7026311792
3148,451549.48175677285
3149,607286.6570627801
3150,485693.7839935757
3151,1212118.0124130882
3152,949119.3672389276
3153,619993.4112645499
3154,557802.554113403
3155,522613.050842084
3156,573497.9819729663
3157,504879.29126663506
3158,854420.596098721
3159,393732.7336913347
3160,534567.9971127771
3161,718654.2662396953
3162,2590502.290440753
3163,2190098.7348188423
3164,770899.4275720902
3165,673596.2699583098
3166,631464.8789211959
3167,932654.4375160523
3168,840037.6199530587
3169,581693.4082497433
3170,1027461.859464109
3171,790399.5412596539
3172,629486.7797656991
3173,452864.1808858812
3174,503550.00296984613
3175,671384.8345579989
3176,2123780.122573279
3177,867468.0649605691
3178,2225205.2717988193
3179,957360.0314223282
3180,498345.98637904227
3181,1135104.7745971829
3182,588953.5800113268
3183,533802.7165373415
3184,465061.66990973055
3185,454105.5175498724
3186,724859.400656186
3187,574145.5034701563
3188,529275.8548506051
3189,541830.530283507
3190,596883.9113312773
3191,428317.2479424067
3192,536124.7237076722
3193,723519.4241203777
3194,845068.6354887672
3195,535350.7213175632
3196,639896.3298673704
3197,732365.1657216363
3198,873927.8674628548
3199,768687.9921717793
3200,406572.6693776436
3201,566150.7227495834
3202,930256.8014617302
3203,914961.3545586914
3204,535737.711033076
3205,383338.9873098619
3206,929191.1140216924
3207,520719.8063868806
3208,610041.9519631416
3209,780495.6027145833
3210,1264572.993343953
3211,2126599.70270868
3212,912004.0385130458
3213,308161.08061062545
3214,270334.63835386187
3215,614685.9663037993
3216,380428.68000084534
3217,377951.8067002706
3218,642649.2896495424
3219,656595.5068359263
3220,593677.3300008215
3221,966133.399714347
3222,283658.5366407484
3223,1897519.4450000674
3224,600311.6362017617
3225,824723.429805886
3226,705962.9509721845
3227,544781.9692049138
3228,897866.6556712389
3229,596386.338366203
3230,849990.8905693069
3231,604955.6505424194
3232,793119.6242853366
3233,836021.9078006186
3234,712462.2471188158
3235,571206.8109238148
3236,976084.8590157554
3237,836103.4147058837
3238,587264.1673399135
3239,514651.963553492
3240,918010.438518025
3241,687462.8145083226
3242,338889.13576357067
3243,194584.25407846272
3244,1662172.7374452725
3245,1245243.5429654121
3246,293311.64959343895
3247,375145.34186048806
3248,338471.01308893785
3249,420500.10138515756
3250,560948.0860761888
3251,542261.4569435418
3252,616505.7953416184
3253,468423.9643369131
3254,587872.3120750077
3255,604181.6481523067
3256,615017.6816138439
3257,235582.18284325302
3258,745235.4424602427
3259,520865.8194455132
3260,546850.1853991896
3261,607111.8000577278
3262,509545.71112703905
3263,317391.845693022
3264,494824.1320469007
3265,339050.3882511556
3266,699083.3809162639
3267,521031.6771005355
3268,886044.1223232001
3269,382951.98611481115
3270,1026298.6062406227
3271,501234.7251002975
3272,487873.26139145717
3273,1204956.922832571
3274,1886904.555078566
3275,691785.32612589
3276,1981775.1337519996
3277,742206.0532530248
3278,540980.9741767496
3279,813312.6205705926
3280,660583.7439824864
3281,573166.266662918
3282,658309.3692711666
3283,468067.799263034
3284,350477.25469153
3285,847514.3402513787
3286,691177.1813908033
3287,767471.7027016059
3288,1030915.3311212584
3289,356259.39677821845
3290,476329.84589303285
3291,363325.49693702906
3292,476716.84708808735
3293,559123.6518709362
3294,306968.68321648985
3295,625479.072133217
3296,587430.0249949358
3297,921031.4414895251
3298,520111.53775933385
3299,351273.17400532216
3300,920094.277609814
3301,274259.9361894168
3302,2217907.5349777825
3303,602588.5020453781
3304,609267.9495730288
3305,606614.2156131193
3306,692448.7567459829
3307,674179.3420548812
3308,554068.186571382
3309,536365.7118440978
3310,437706.940982122
3311,560021.8363955468
3312,448399.6345647387
3313,380685.26482949033
3314,607487.9618534371
3315,421074.7970063798
3316,493007.4968842268
3317,621472.577307336
3318,1073404.7731000446
3319,879734.6967035197
3320,480379.21360673755
3321,609102.0919180065
3322,379081.9741642587
3323,324949.2813478224
3324,421089.0341832563
3325,585138.8539457843
3326,538624.9467859194
3327,265580.052243188
3328,871082.8837352246
3329,771175.8569971323
3330,677264.9829652235
3331,1970662.6708654277
3332,625079.7126852684
3333,1015794.2880891338
3334,536235.2954776883
3335,791322.9438673817
3336,598566.6522869393
3337,460583.7078894116
3338,569950.7779208496
3339,542261.4569435418
3340,205661.96973880753
3341,457432.4124439694
3342,1154703.1238192134
3343,476316.29304061085
3344,786916.5305041634
3345,664906.1734251268
3346,472877.67125871405
3347,473289.122217603
3348,270279.3524688557
3349,918919.2539176606
3350,2121236.9718629234
3351,434564.5529482886
3352,478348.9383145645
3353,592290.5777081884
3354,504324.00535995513
3355,728866.2458432391
3356,468787.1131981239
3357,471928.90380196646
3358,432050.2027991824
3359,762673.1911259517
3360,530510.610630691
3361,747471.8226932622
3362,443014.5715398155
3363,267548.42717979103
3364,1051508.8262734264
3365,735571.7470520884
3366,784057.4682039544
3367,489558.0994081758
3368,1045444.1949367486
3369,439706.14025401697
3370,388093.5734205358
3371,780519.171563454
3372,758294.2457903065
3373,977419.829144787
3374,1082797.6556640267
3375,461623.8004809506
3376,945388.3849834874
3377,496343.3362658657
3378,503877.1436252035
3379,426444.10873604193
3380,498253.8924773112
3381,276105.7504967861
3382,513678.6429149546
3383,614022.5356837027
3384,897480.3231260553
3385,696263.4828115217
3386,781731.6311706416
3387,377896.52081526443
3388,366089.7911874205
3389,695710.6239614412
3390,1620782.7544147074
3391,767803.4180116504
3392,732365.1657216363
3393,658257.9480166547
3394,495766.02765195817
3395,813580.130798135
3396,115713.62835145369
3397,391698.05285745487
3398,627125.2904305607
3399,282110.5318605304
3400,484653.5647653863
3401,648387.717709586
3402,563214.8073615097
3403,727069.0811809078
3404,710084.9540634789
3405,752393.583092738
3406,470049.18371170014
3407,308570.63400813565
3408,956333.7184172943
3409,223175.77844218537
3410,548557.376118686
3411,615736.3981189467
3412,265193.0510481335
3413,1069947.165936783
3414,930394.9135089852
3415,606337.7976676151
3416,625506.1960451305
3417,369241.0866328664
3418,472324.81240863726
3419,359953.05795155466
3420,317769.92769057676
3421,658430.5994531251
3422,504114.1962881386
3423,626383.935476467
3424,267580.48866176605
3425,602578.3574870825
3426,333731.6393349394
3427,367084.9371175654
3428,618285.3123119697
3429,680423.723274298
3430,278176.51221030205
3431,671605.9780980274
3432,843354.7730535232
3433,557584.9370438904
3434,1899565.0227453597
3435,673947.7059722915
3436,847241.5750419386
3437,310472.1908695437
3438,352324.2032504603
3439,881393.0139514022
3440,1059635.8513695784
3441,325598.6865905486
3442,627598.4136317968
3443,715293.6440983191
3444,491754.6078102179
3445,478474.66094012186
3446,347869.6135402657
3447,2124443.5531933755
3448,912683.272853341
3449,808312.1680021919
3450,1905038.3253611326
3451,358173.0702319592
3452,587374.7391099297
3453,328203.0508341566
3454,619352.0949509554
3455,732665.7595520988
3456,500432.15629911795
3457,1823626.6665084325
3458,532254.7117571235
3459,431036.38505700603
3460,327047.7437849343
3461,692952.9105949514
3462,270279.3524688557
3463,690237.3213456683
3464,583250.412040852
3465,674482.6554332823
3466,475887.55881296843
3467,492086.0377618596
3468,437384.13308368996
3469,107792.10087091848
3470,688910.4601054788
3471,781403.7457235791
3472,790659.5132472888
3473,519512.47288156673
3474,380044.8589367978
3475,974564.6828565635
3476,527389.5538764335
3477,1835116.8235525303
3478,272424.6625848152
3479,746573.6381686479
3480,571908.3016722277
3481,876169.185155943
3482,596386.338366203
3483,493247.326705426
3484,644737.0379842222
3485,676581.7077487335
3486,572456.469355315
3487,283437.3931007162
3488,701515.6418872625
3489,470690.6856222339
3490,528027.9118580148
3491,463724.66411124915
3492,638473.8238554336
3493,593771.9926479347
3494,618942.9794494025
3495,900951.3412901163
3496,723795.8535454199
3497,502013.3326578438
3498,606830.7654652484
3499,454722.06420500204
3500,793492.3984052129
3501,670983.5123483278
3502,517643.3048733063
3503,511174.85632739216
3504,572984.4998849891
3505,698598.6052774675
3506,345473.9195621647
3507,554258.4939902388
3508,762133.1362612732
3509,578272.4126800336
3510,628120.4363606982
3511,630884.7306110933
3512,551359.1782060005
3513,661457.8250204213
3514,814594.7889078893
3515,461402.65694092214
3516,588345.4352762401
3517,392903.4454162158
3518,573639.3898641579
3519,899516.3556252159
3520,428317.2479424067
3521,392936.894530084
3522,440037.8555640653
3523,1105928.5817909911
3524,378275.7106165476
3525,637341.8446887918
3526,843887.1350060366
3527,656782.6892001852
3528,785793.4449457005
3529,310518.56934294105
3530,755888.9563099891
3531,720160.1004305221
3532,623034.1349399798
3533,913899.5623235144
3534,858226.6761206277
3535,691880.0941757038
3536,769224.2838842757
3537,332030.6163608767
3538,1289645.601752393
3539,705306.7991039343
3540,1157151.7302516736
3541,472204.0280516632
3542,458786.3514656201
3543,439849.3594600558
3544,530374.9916668572
3545,450788.3644494042
3546,632164.5036384612
3547,917966.5860196054
3548,920819.217146989
3549,598297.212546993
3550,541542.740438439
3551,1257023.1112143248
3552,533683.2373557128
3553,834444.8381556496
3554,605784.9388175383
3555,562315.9121867679
3556,708353.7536151931
3557,444334.2213529274
3558,817690.7984683253
3559,777995.5330327041
3560,446340.4464549571
3561,508767.20997883007
3562,625779.3613020144
3563,408051.77790836245
3564,737119.7518323064
3565,560948.0860761888
3566,482110.41405502334
3567,542812.2802336924
3568,649836.4547005594
3569,547748.369923804
3570,584499.8730895221
3571,597270.9125263318
3572,533028.7141472362
3573,713026.4663889222
3574,853540.986259453
3575,768251.4685743749
3576,1335297.6603759564
3577,1818792.344748918
3578,624526.8538351916
3579,628120.4363606982
3580,812076.0879613608
3581,726836.5772208497
3582,688744.6024504565
3583,696155.6072069332
3584,2246261.534260832
3585,463407.87579946965
3586,273762.3632243462
3587,593609.756463062
3588,124923.8533716537
3589,581823.5121601596
3590,1001074.0790392943
3591,1178863.0555676334
3592,922868.9909904003
3593,621486.130159758
3594,379720.95502052084
3595,792429.8012455627
3596,631610.1514428817
3597,614338.4472735524
3598,620767.413654659
3599,612616.2567640208
3600,507984.20823868737
3601,608549.2330679297
3602,721504.6824962683
3603,564312.7136678956
3604,1032428.2074696049
3605,839514.974349469
3606,282386.96128556505
3607,812606.9135775566
3608,705947.8026410714
3609,387264.2851454206
3610,553221.6725395806
3611,642771.1958877742
3612,845123.9213737734
3613,251890.53286335245
3614,548112.8533427566
3615,502842.620932959
3616,175276.36525425687
3617,373774.52920350805
3618,290746.94676585495
3619,800311.5183962546
3620,484677.72917081416
3621,568577.5382072665
3622,370092.3036175482
3623,536649.5861327685
3624,606614.2270926535
3625,266354.054633297
3626,588093.4556150287
3627,971606.7023301236
3628,599150.6326165982
3629,314806.6042066552
3630,1344350.6777322106
3631,973723.9792364985
3632,604955.6505424194
3633,1404159.1857626066
3634,513705.94385451823
3635,187184.66730208695
3636,579911.1446338743
3637,661322.8034865744
3638,656667.4652043507
3639,524139.5035050772
3640,569683.2559074238
3641,498045.86423289776
3642,278682.80699004605
3643,678361.7529803999
3644,1189139.2417029701
3645,619053.5512194186
3646,370859.2801775187
3647,607775.230677817
3648,522867.9281498976
3649,733470.8834217899
3650,916510.9590937644
3651,681448.676944267
3652,536732.8684427552
3653,407891.6837360002
3654,766697.7003114969
3655,1033577.6996452659
3656,299360.32541295514
3657,536304.1917271838
3658,620037.8577502146
3659,710612.740275044
3660,599886.1391595639
3661,636465.5353351571
3662,783528.7737593018
3663,650194.5368798003
3664,511147.6657952145
3665,535958.8660526499
3666,699633.8862370774
3667,513191.57455161214
3668,437494.7048537098
3669,286091.1155810915
3670,719852.0778415799
3671,458804.220345553
3672,70611.1855844073
3673,719815.2698248588
3674,592308.6809837632
3675,336745.1483593434
3676,841413.0953624994
3677,695931.7675014772
3678,1723061.6416791938
3679,1467665.3027068526
3680,617394.9746691808
3681,578604.1279900782
3682,286146.4014661014
3683,1244698.1887205653
3684,856047.8881563358
3685,686074.9708471745
3686,775504.9460656047
3687,289288.78949993104
3688,420800.178896185
3689,593950.6897641383
3690,547558.6893173344
3691,669257.4856039435
3692,735832.2432353795
3693,329554.82054727897
3694,636266.9736364596
3695,243256.7168111056
3696,673423.74058754
3697,707110.0093952492
3698,874438.5557235405
3699,664234.4775237031
3700,767151.3478115834
3701,674183.9177958295
3702,514397.3708995953
3703,390258.64213334024
3704,2202354.325344287
3705,471486.61672190577
3706,959357.5199748315
3707,1028531.3663501702
3708,516077.3275519386
3709,429920.5386076309
3710,364873.50171724707
3711,755801.7757975161
3712,610413.0440352894
3713,547442.3968925253
3714,635185.6951734871
3715,828084.5448497981
3716,374769.675133653
3717,632078.3816322759
3718,647150.9656738229
3719,487920.8138563223
3720,2054451.6227734648
3721,816399.7109335326
3722,676360.5642087013
3723,2116150.670442201
3724,1628909.7795108557
3725,301964.7454622388
3726,374935.53278867155
3727,668977.3028114699
3728,492813.23729755357
3729,819390.6423527114
3730,483428.55348053575
3731,624858.5691452399
3732,670575.2669868134
3733,473344.40810261294
3734,796552.078215722
3735,737783.182452403
3736,521274.74935013056
3737,328481.06836748496
3738,305045.2667271644
3739,1771744.0566072576
3740,718140.784151718
3741,459357.0791956298
3742,701626.2136572786
3743,772336.8605822958
3744,1016430.4292492047
3745,1232871.4540021345
3746,664577.9989862889
3747,229898.81964199618
3748,287637.08480138704
3749,300921.3431276828
3750,1248142.1017069258
3751,590307.7307115383
3752,143057.80925116315
3753,173622.39971848205
3754,475379.14644855633
3755,522511.76307602227
3756,482433.22195345536
3757,466710.0904221311
3758,754731.8173553199
3759,723456.4785094075
3760,1500363.2973919772
3761,568688.1099772826
3762,904003.3889071122
3763,583181.9310468324
3764,398186.4406131357
3765,571538.5262338594
3766,282331.67540055886
3767,857784.7070099115
3768,385605.7085951865
3769,921445.7258446291
3770,677079.2807138041
3771,500047.49056139216
3772,833644.6147452854
3773,690624.3225407228
3774,876998.8043847792
3775,1113312.5344940312
3776,818168.8592537865
3777,468368.6784519069
3778,415353.86552681774
3779,378660.3106184192
3780,370346.8043330237
3781,737506.7530273609
3782,848513.1503971182
3783,674701.9876584671
3784,567070.4982974418
3785,985096.4582720324
3786,383017.41655811295
3787,498788.2734591067
3788,433901.1223281957
3789,357133.4778161533
3790,348895.88094998524
3791,458803.9349871464
3792,658910.84444708
3793,454224.49123993143
3794,1010693.8230306581
3795,616178.6851990074
3796,462195.2039271854
3797,270776.92543392256
3798,658692.1057335995
3799,442525.7203894183
3800,645170.417652674
3801,450305.0969337709
3802,193562.38867438212
3803,201181.28616224602
3804,691840.6120108962
3805,227432.7915877849
3806,582816.8467754535
3807,729253.2470382899
3808,682676.2703952119
3809,551827.7263647392
3810,624803.28326023
3811,610041.9519631416
3812,2063604.6299209297
3813,654246.2102055736
3814,700036.0382876694
3815,844285.7256870419
3816,399482.4657321498
3817,423839.0912567675
3818,478834.2258249484
3819,1724333.2170343734
3820,553857.1717805713
3821,514286.7991295792
3822,2101610.482685145
3823,793937.8379001543
3824,810748.263009984
3825,519870.673515372
3826,881200.2617914677
3827,384627.0777716078
3828,813596.6459046938
3829,641937.302445218
3830,858851.6108935811
3831,521805.6794906445
3832,758656.7972215302
3833,533968.5741923675
3834,287030.9756262265
3835,473639.3821238056
3836,601140.9244768806
3837,472160.76606845856
3838,719297.1999622211
3839,521031.6771005355
3840,539180.3743813746
3841,421707.9889352843
3842,661889.1604447849
3843,531591.2811370306
3844,508648.2362887673
3845,382564.98491975665
3846,577027.5567987897
3847,373774.52920350805
3848,511345.8078248203
3849,376364.0583872609
3850,270611.06777890027
3851,967359.6522863507
3852,734410.7434669212
3853,812776.6319109164
3854,726394.290140789
3855,1208261.126284808
3856,661322.8034865744
3857,952323.2524039522
3858,876747.4475982524
3859,773221.4347424172
3860,1069836.5941667706
3861,385771.56625020877
3862,533471.0012272969
3863,605840.2247025445
3864,1055443.786196448
3865,191868.05840484798
3866,440197.04150334
3867,713381.6102663837
3868,876249.8746331818
3869,453613.11063747853
3870,721301.317004323
3871,361537.28072842583
3872,1262693.2732536867
3873,957022.5526296198
3874,527799.5797988959
3875,686598.5974934474
3876,815530.0637716837
3877,110868.22906760499
3878,596607.4819062352
3879,934877.0771469101
3880,325090.68923901394
3881,700145.3116061725
3882,616676.2581640817
3883,614022.5356837027
3884,662729.4003756009
3885,778515.3268507458
3886,892338.0671704598
3887,632232.2153854966
3888,676216.0866557881
3889,647590.067233488
3890,482088.5772838779
3891,956475.1874082945
3892,298420.46536782384
3893,373663.95743349567
3894,490954.12009635195
3895,281723.5306654759
3896,456081.6591277458
3897,1088323.3144704923
3898,596134.0733465962
3899,409912.43011027575
3900,278185.2340249717
3901,754451.5232997835
3902,604529.8785689175
3903,749780.2194991
3904,520224.3175349757
3905,673284.2753521949
3906,764541.5507961921
3907,253920.11238201335
3908,511522.5048791878
3909,726849.6925164685
3910,684919.6637979597
3911,2128313.29789041
3912,726123.6241984107
3913,543322.7856700979
3914,945333.0990984775
3915,508631.72973587736
3916,534718.1268186457
3917,687307.1694402508
3918,982208.4664293565
3919,350941.4586952813
3920,512501.71756757796
3921,325404.76169713587
3922,573829.6972830109
3923,726836.5772208497
3924,673540.9840733036
3925,277853.51871492714
3926,464332.80884633586
3927,301776.397800412
3928,496275.76272810623
3929,775156.4407176934
3930,478838.33425260335
3931,274536.3656144589
3932,406448.48724313825
3933,620891.4835328087
3934,600422.2079717778
3935,536235.2954776883
3936,385339.4237284437
3937,681120.5321948491
3938,424643.30689337477
3939,442249.2909643799
3940,634351.9376463816
3941,642752.5096066035
3942,278351.091679994
3943,589174.723551359
3944,689850.3201506138
3945,774308.6745742932
3946,378086.8282341212
3947,692614.6144010052
3948,379720.95502052084
3949,278461.66345001385
3950,753274.5906746201
3951,562440.8049713969
3952,515972.6651398428
3953,535240.1495475471
3954,890225.8795985989
3955,362794.5667965114
3956,501958.0467728339
3957,554631.1741706803
3958,780707.5827390067
3959,616273.3478461206
3960,556268.6304469183
3961,469157.60784028843
3962,381763.55969894305
3963,984709.4570769779
3964,781720.3012229763
3965,571759.6697738916
3966,1537853.9269029647
3967,416231.019227799
3968,1432482.5864937566
3969,480060.23114229366
3970,514286.7991295792
3971,684764.0187298916
3972,600643.3515118062
3973,565622.936538022
3974,638458.8968571648
3975,783322.947978653
3976,573694.6757491641
3977,485040.56596043706
3978,649242.4841298833
3979,372392.38207831606
3980,1894202.2918995991
3981,692625.9748210311
3982,500102.7764464021
3983,553218.206733387
3984,605563.7952775061
3985,884609.4036893882
3986,585636.4269108549
3987,671046.4475322068
3988,205551.39796879143
3989,500891.7058347836
3990,436911.0098824538
3991,462254.0595225394
3992,705354.8062370978
3993,1032029.6948650442
3994,711948.7650308423
3995,587076.4729137495
3996,623021.0455961749
3997,555227.154596623
3998,689684.4624955878
3999,1701776.5759511776
4000,499138.4666374326
4001,367140.2230025679
4002,498060.0383973047
4003,310757.9102477655
4004,2076897.6920866407
4005,292835.99355204776
4006,453352.8464393355
4007,637353.1791570075
4008,351439.0316603482
4009,864708.250488814
4010,291322.5830939561
4011,437485.79744208977
4012,364984.0734872632
4013,315116.20521020517
4014,742869.4838731214
4015,602854.7869121246
4016,379570.8253146596
4017,373719.24331850186
4018,551699.4100381285
4019,858226.6761206277
4020,1089016.9664014988
4021,599150.6326165982
4022,507541.92115862295
4023,469551.61074662954
4024,364771.8491447307
4025,390968.439440947
4026,974592.6246627681
4027,672257.1171931066
4028,629264.872808285
4029,482323.74620128423
4030,847296.8609269448
4031,989923.4176919386
4032,787761.6224994808
4033,986577.8626598194
4034,206271.90799427778
4035,894182.6588288583
4036,335507.97496342286
4037,952391.4984638467
4038,923961.5933949389
4039,681771.9092237242
4040,623973.994985111
4041,258974.54660349712
4042,559021.7261445485
4043,1091768.7089742385
4044,275829.32107174397
4045,551255.7181867734
4046,587737.2905411534
4047,767317.2054666094
4048,457919.6461854242
4049,557188.6458956562
4050,352434.17759048566
4051,1123784.2939928435
4052,457215.8566785976
4053,327871.33552410454
4054,1369339.579786405
4055,690016.1778056398
4056,720839.2163162492
4057,448682.29822168127
4058,502510.90562291443
4059,949100.8673532978
4060,776870.3031529374
4061,382927.5363509767
4062,609102.0919180065
4063,621430.8442747556
4064,421968.6611196846
4065,915964.8607727364
4066,355395.4835864231
4067,1062126.4525584504
4068,622991.2073078677
4069,718930.6956647299
4070,261523.68574005365
4071,408426.1461836919
4072,774039.3990759738
4073,641223.1911075525
4074,556868.7474297136
4075,435595.96548637
4076,385605.7085951865
4077,675365.41827856
4078,954061.2792446278
4079,460533.00977906585
4080,315470.2866795622
4081,1982493.8502571024
4082,1066093.944024101
4083,115105.48361636698
4084,701405.0701172501
4085,741373.695316188
4086,329888.43341870233
4087,488811.8229850754
4088,304768.83730212227
4089,398855.2531087063
4090,650055.8433650024
4091,601085.6385918744
4092,502621.47739293054
4093,809564.8847267814
4094,556304.0717355311
4095,364054.3580004312
4096,476385.13177804276
4097,582044.6557001919
4098,388490.7191738896
4099,440462.8046310842
4100,193327.98142185435
4101,223562.77963723615
4102,441530.5744592771
4103,589727.9003707804
4104,699746.4935670123
4105,686258.2896375991
4106,541457.2158622406
4107,566958.3384191357
4108,319960.86619332805
4109,649641.5726270154
4110,211579.35295502841
4111,489982.3898282461
4112,815794.2623638734
4113,840203.4776080772
4114,250563.67162317038
4115,564629.6019227244
4116,1008482.3876303434
4117,344434.2393709123
4118,1871313.935506355
4119,412671.34248518944
4120,783250.1086383983
4121,298389.6292466484
4122,483954.56896421313
4123,1106700.9555254243
4124,780725.9836617708
4125,489137.48493367806
4126,517126.22386137396
4127,1950925.6099176332
4128,782288.3198837042
4129,941769.4118501209
4130,1634548.9397816584
4131,674621.6291349493
4132,351092.99533568695
4133,1857603.036024414
4134,1195797.4699486643
4135,850507.2721203826
4136,826437.6102104746
4137,579499.6936749853
4138,686394.5988551453
4139,470469.5420822017
4140,638735.3262822032
4141,666809.7164668404
4142,694826.0498013198
4143,672766.9816831909
4144,604623.9352323748
4145,560593.7323171534
4146,448551.88185527176
4147,364652.3581772186
4148,540547.5945082977
4149,1087350.8957726844
4150,621541.416044768
4151,925460.0757728107
4152,732709.9963272996
4153,492211.8218885511
4154,399307.7006655112
4155,527455.1789850518
4156,385495.13682517037
4157,364652.3581772186
4158,420062.4253195524
4159,729087.3893832676
4160,840701.0505731478
4161,73698.28773323074
4162,408909.86674473435
4163,631904.0409466587
4164,1331059.18577604
4165,401065.25949981064
4166,526551.5437866449
4167,471562.626862634
4168,1173518.8632675596
4169,814614.7588930838
4170,2269986.838655159
4171,714729.2863734812
4172,538325.9465210289
4173,213291.4218698889
4174,487516.1431330368
4175,706483.5601441972
4176,674179.3420548812
4177,1031855.1911663897
4178,806018.3228049576
4179,863855.6238044687
4180,66659.5540127866
4181,569127.3273956217
4182,303697.07420739904
4183,834388.247095298
4184,422865.3254287392
4185,302605.68607553095
4186,598266.0584564693
4187,754590.0914947838
4188,766808.2606019713
4189,403880.88676894456
4190,562606.6626264229
4191,846146.3567639366
4192,599559.7481181584
4193,1006270.9522300325
4194,914839.4108891077
4195,913954.8482085243
4196,871827.0038325563
4197,432532.58556748927
4198,779833.1024943702
4199,1964194.2223195098
4200,800397.64040244
4201,533968.5741923675
4202,585729.7729241848
4203,728040.5751660056
4204,834279.1660975628
4205,741666.3096985668
4206,473601.7696392946
4207,569888.466205705
4208,596496.9101362191
4209,859332.7117901333
4210,533636.8588823229
4211,965812.9968663268
4212,595335.9065510556
4213,632991.5448799133
4214,730303.6547345929
4215,1445875.402090378
4216,1305040.4957674444
4217,481790.8608560562
4218,464147.8833029568
4219,767643.3238392919
4220,551494.199739851
4221,581213.5561102293
4222,460493.9509863071
4223,566648.295714654
4224,1346081.1443160027
4225,780353.313908428
4226,864559.2104041055
4227,409912.43011027575
4228,600975.0668218583
4229,481438.07602331415
4230,909974.2644879557
4231,1151621.196651671
4232,365481.6464523338
4233,573188.3809694201
4234,881502.0337089263
4235,950164.0332269259
4236,231452.75207045302
4237,752084.8886563852
4238,449801.54028677195
4239,692023.2597037852
4240,998446.6074987538
4241,380408.8354044482
4242,1029090.8969159983
4243,637043.578153465
4244,659362.7248727866
4245,137172.3214721121
4246,373663.95743349567
4247,386400.33451951295
4248,381257.96827596426
4249,860826.9574736394
4250,1038051.2630505376
4251,262655.2822132483
4252,594669.4062692411
4253,596607.4819062352
4254,532033.5682170913
4255,364044.2134421319
4256,437066.0281381346
4257,597745.8470424116
4258,1204915.0436418727
4259,429966.9170810282
4260,370402.09021803364
4261,1423274.319437597
4262,796142.4385716803
4263,529289.897500921
4264,542057.7008713633
4265,595667.6218611039
4266,606614.2270926535
4267,595335.9065510556
4268,487437.7036121711
4269,651004.5004432499
4270,671550.692213025
4271,813610.9669193104
4272,882454.2520069517
4273,317170.7021529898
4274,662926.0941517986
4275,127664.13530797139
4276,588812.1721201316
4277,819362.510274969
4278,806160.9828077406
4279,553408.7088175565
4280,768400.2388051748
4281,602775.3692326248
4282,697104.1315066665
4283,963724.5029684603
4284,703187.3337331191
4285,319926.67463587224
4286,1847474.1423203424
4287,715281.8272542134
4288,407056.63197822496
4289,1165426.8756629713
4290,677410.9960238524
4291,754676.53147031
4292,1960932.3551040478
4293,434036.1438620426
4294,467515.2583823018
4295,323986.1112168841
4296,756260.02846504
4297,580664.6501264162
4298,685925.3402844034
4299,425995.24077207595
4300,981957.0841981359
4301,450034.3881635256
4302,1947497.885047149
4303,1264695.8753731996
4304,442415.1486193985
4305,984764.7429619879
4306,600465.2062040307
4307,916337.9047465213
4308,723456.4785094075
4309,1480748.9126134068
4310,991038.2747888602
4311,743459.1507399268
4312,40244.91370049119
4313,533084.0000322387
4314,550222.6243846677
4315,620679.866612047
4316,774192.4488780722
4317,436090.64080483094
4318,621762.5595848002
4319,452820.7118449807
4320,346508.3753076941
4321,393824.2375729978
4322,557437.0788957104
